case_id,query_id,setting,query,gold_page_id,page_id,is_gold_page,image_path,vlm_answer,evidence_description,confidence,notes
q001__Gold_Evidence,q001,Gold Evidence,"Which page contains the fabrication requirements table with material, panel, and special requirement specifications?",doc001_p001,doc001_p001,1,artifacts\occlusion_pages\q001_doc001_p001_original.png,Page 6,The page number is located in the bottom left corner of the page.,high,
q001__BM25,q001,BM25,"Which page contains the fabrication requirements table with material, panel, and special requirement specifications?",doc001_p001,doc006_p019,0,data\images\doc006\doc006_p019.png,Not enough evidence.,"The provided page does not contain any tables or tables with material, panel, and special requirement specifications.",high,
q001__Full_MV,q001,Full MV,"Which page contains the fabrication requirements table with material, panel, and special requirement specifications?",doc001_p001,doc006_p013,0,data\images\doc006\doc006_p013.png,Not enough evidence.,"The provided page image does not contain any tables or tables with material, panel, and special requirement specifications.",high,
q001__Hybrid_Fusion,q001,Hybrid Fusion,"Which page contains the fabrication requirements table with material, panel, and special requirement specifications?",doc001_p001,doc006_p019,0,data\images\doc006\doc006_p019.png,Not enough evidence.,"The provided page does not contain any tables or tables with material, panel, and special requirement specifications.",high,
q001__Budgeted_MV,q001,Budgeted MV,"Which page contains the fabrication requirements table with material, panel, and special requirement specifications?",doc001_p001,doc004_p019,0,data\images\doc004\doc004_p019.png,AN11590,The page number is located in the top right corner of the page.,high,
q001__Gold_Masked,q001,Gold Masked,"Which page contains the fabrication requirements table with material, panel, and special requirement specifications?",doc001_p001,doc001_p001,1,artifacts\occlusion_pages\q001_doc001_p001_gold_mask.png,Page 6,The page number is located in the bottom left corner of the page.,high,
q001__Random_Masked,q001,Random Masked,"Which page contains the fabrication requirements table with material, panel, and special requirement specifications?",doc001_p001,doc001_p001,1,artifacts\occlusion_pages\q001_doc001_p001_random_mask.png,Page 6,The page number is located in the bottom left corner of the page.,high,
q002__Gold_Evidence,q002,Gold Evidence,Which page explains the breakaway and bevel requirements with dimensioned diagrams?,doc001_p002,doc001_p002,1,artifacts\occlusion_pages\q002_doc001_p002_original.png,Page 6,"The page title ""15-0000-00134-P1 : PCB SLU - SF05B PCB Breakaway Requirements"" and the presence of dimensioned diagrams for both breakaway and bevel requirements.",high,
q002__BM25,q002,BM25,Which page explains the breakaway and bevel requirements with dimensioned diagrams?,doc001_p002,doc001_p001,0,data\images\doc001\doc001_p001.png,Page 4,"The page contains a table with ""Breakaway Tab Required"" and ""Bevel"" sections, indicating that it provides information on breakaway and bevel requirements.",high,
q002__Full_MV,q002,Full MV,Which page explains the breakaway and bevel requirements with dimensioned diagrams?,doc001_p002,doc001_p002,1,data\images\doc001\doc001_p002.png,Page 6,"The page title ""15-0000-00134-P1 : PCB SLU - SF05B PCB Breakaway Requirements"" and the presence of dimensioned diagrams for both breakaway and bevel requirements.",high,
q002__Hybrid_Fusion,q002,Hybrid Fusion,Which page explains the breakaway and bevel requirements with dimensioned diagrams?,doc001_p002,doc001_p001,0,data\images\doc001\doc001_p001.png,Page 4,"The page contains a table with ""Breakaway Tab Required"" and ""Bevel"" sections, indicating that it explains these requirements.",high,
q002__Budgeted_MV,q002,Budgeted MV,Which page explains the breakaway and bevel requirements with dimensioned diagrams?,doc001_p002,doc006_p013,0,data\images\doc006\doc006_p013.png,Not enough evidence.,"The provided page does not contain any information about breakaway and bevelling requirements, nor does it include any dimensioned diagrams.",high,
q002__Gold_Masked,q002,Gold Masked,Which page explains the breakaway and bevel requirements with dimensioned diagrams?,doc001_p002,doc001_p002,1,artifacts\occlusion_pages\q002_doc001_p002_gold_mask.png,Page 6,"The page title ""15-0000-00134-P1 : PCB SLU - SF05B PCB Breakaway Requirements"" and the presence of dimensioned diagrams.",high,
q002__Random_Masked,q002,Random Masked,Which page explains the breakaway and bevel requirements with dimensioned diagrams?,doc001_p002,doc001_p002,1,artifacts\occlusion_pages\q002_doc001_p002_random_mask.png,Page 6,"The page title ""15-0000-00134-P1 : PCB SLU - SF05B PCB Breakaway Requirements"" and the presence of multiple diagrams and tables related to breakaway and bevel requirements.",high,
q004__Gold_Evidence,q004,Gold Evidence,Which page contains the drill table and stackup legend for the fabrication package?,doc001_p004,doc001_p004,1,artifacts\occlusion_pages\q004_doc001_p004_original.png,Page 4,The page number is located in the top right corner of the page.,high,
q004__BM25,q004,BM25,Which page contains the drill table and stackup legend for the fabrication package?,doc001_p004,doc001_p004,1,data\images\doc001\doc001_p004.png,Page 4,The page number is located in the top right corner of the page.,high,
q004__Full_MV,q004,Full MV,Which page contains the drill table and stackup legend for the fabrication package?,doc001_p004,doc005_p006,0,data\images\doc005\doc005_p006.png,Page 6,The page number is located at the bottom of the page.,high,
q004__Hybrid_Fusion,q004,Hybrid Fusion,Which page contains the drill table and stackup legend for the fabrication package?,doc001_p004,doc001_p004,1,data\images\doc001\doc001_p004.png,Page 4,The page number is located in the top right corner of the page.,high,
q004__Budgeted_MV,q004,Budgeted MV,Which page contains the drill table and stackup legend for the fabrication package?,doc001_p004,doc006_p008,0,data\images\doc006\doc006_p008.png,Page 6,The page number is located at the bottom of the page.,high,
q004__Gold_Masked,q004,Gold Masked,Which page contains the drill table and stackup legend for the fabrication package?,doc001_p004,doc001_p004,1,artifacts\occlusion_pages\q004_doc001_p004_gold_mask.png,Page 4,The page number is located in the top right corner of the page.,high,
q004__Random_Masked,q004,Random Masked,Which page contains the drill table and stackup legend for the fabrication package?,doc001_p004,doc001_p004,1,artifacts\occlusion_pages\q004_doc001_p004_random_mask.png,Page 4,The page number is located in the top right corner of the page.,high,
q006__Gold_Evidence,q006,Gold Evidence,"Which page combines the assembly drawing, BOM table, and component callouts in a single view?",doc002_p001,doc002_p001,1,artifacts\occlusion_pages\q006_doc002_p001_original.png,Page A3-CAGE_CODE,"The page title ""A3-CAGE_CODE"" is located in the top-right corner of the page.",high,
q006__BM25,q006,BM25,"Which page combines the assembly drawing, BOM table, and component callouts in a single view?",doc002_p001,doc002_p001,1,data\images\doc002\doc002_p001.png,Page A3-CAGE_CODE,"The page title ""A3-CAGE_CODE"" is located in the top-right corner of the page.",high,
q006__Full_MV,q006,Full MV,"Which page combines the assembly drawing, BOM table, and component callouts in a single view?",doc002_p001,doc004_p010,0,data\images\doc004\doc004_p010.png,AN11590,"The page title at the top of the page is ""AN11590 PTN3356 PCB Layout Guideline, Reference Schematics and BOM"".",high,
q006__Hybrid_Fusion,q006,Hybrid Fusion,"Which page combines the assembly drawing, BOM table, and component callouts in a single view?",doc002_p001,doc002_p001,1,data\images\doc002\doc002_p001.png,Page A3-CAGE_CODE,"The page title ""A3-CAGE_CODE"" is located in the top-right corner of the page.",high,
q006__Budgeted_MV,q006,Budgeted MV,"Which page combines the assembly drawing, BOM table, and component callouts in a single view?",doc002_p001,doc006_p013,0,data\images\doc006\doc006_p013.png,Page 2,"The page title ""2 Setup and Required Equipment"" and the content below it.",high,
q006__Gold_Masked,q006,Gold Masked,"Which page combines the assembly drawing, BOM table, and component callouts in a single view?",doc002_p001,doc002_p001,1,artifacts\occlusion_pages\q006_doc002_p001_gold_mask.png,Page A3-CAGE_CODE,"The page title ""A3-CAGE_CODE"" is located at the top right corner of the page.",high,
q006__Random_Masked,q006,Random Masked,"Which page combines the assembly drawing, BOM table, and component callouts in a single view?",doc002_p001,doc002_p001,1,artifacts\occlusion_pages\q006_doc002_p001_random_mask.png,Page A3-CAGE_CODE,"The page title ""A3-CAGE_CODE"" is located in the top-right corner of the page.",high,
q007__Gold_Evidence,q007,Gold Evidence,Which page lists the bill of materials together with top and bottom assembly views?,doc002_p001,doc002_p001,1,artifacts\occlusion_pages\q007_doc002_p001_original.png,Page C,"The page is titled ""The Main Advantages when using Draftsman to Create an Assembly Drawing"" and contains a bill of materials table, top and bottom assembly views, and other relevant information.",high,
q007__BM25,q007,BM25,Which page lists the bill of materials together with top and bottom assembly views?,doc002_p001,doc006_p019,0,data\images\doc006\doc006_p019.png,Not enough evidence.,The provided page does not contain any information about top and bottom assembly views or a bill of materials.,high,
q007__Full_MV,q007,Full MV,Which page lists the bill of materials together with top and bottom assembly views?,doc002_p001,doc006_p013,0,data\images\doc006\doc006_p013.png,Not enough evidence.,The provided page image does not contain any information about the bill of materials or top and bottom assembly views.,high,
q007__Hybrid_Fusion,q007,Hybrid Fusion,Which page lists the bill of materials together with top and bottom assembly views?,doc002_p001,doc006_p019,0,data\images\doc006\doc006_p019.png,Not enough evidence.,The provided page does not contain any information about top and bottom assembly views or a bill of materials.,high,
q007__Budgeted_MV,q007,Budgeted MV,Which page lists the bill of materials together with top and bottom assembly views?,doc002_p001,doc004_p019,0,data\images\doc004\doc004_p019.png,Not enough evidence.,The provided page image does not contain any information about the bill of materials or top and bottom assembly views.,high,
q007__Gold_Masked,q007,Gold Masked,Which page lists the bill of materials together with top and bottom assembly views?,doc002_p001,doc002_p001,1,artifacts\occlusion_pages\q007_doc002_p001_gold_mask.png,Page C,"The page is titled ""The Main Advantages when using Draftsman to Create an Assembly Drawing"" and contains a bill of materials (BOM) table, as well as top and bottom assembly views.",high,
q007__Random_Masked,q007,Random Masked,Which page lists the bill of materials together with top and bottom assembly views?,doc002_p001,doc002_p001,1,artifacts\occlusion_pages\q007_doc002_p001_random_mask.png,Page C,"The page title ""The Main Advantages when using Draftsman to Create an Assembly Drawing"" and the presence of a bill of materials table, top and bottom assembly views, and a bill of materials table.",high,
q008__Gold_Evidence,q008,Gold Evidence,Which page shows the basic grounded emitter amplifier schematic with labeled matching network elements?,doc003_p007,doc003_p007,1,artifacts\occlusion_pages\q008_doc003_p007_original.png,Page 7 of 29.,"The page title ""3.1 Basic Schematic for Grounded Emitter"" and the page number ""7 of 29"" at the bottom of the page.",high.,
q008__BM25,q008,BM25,Which page shows the basic grounded emitter amplifier schematic with labeled matching network elements?,doc003_p007,doc003_p007,1,data\images\doc003\doc003_p007.png,Page 7,The page number is located in the bottom right corner of the page.,high,
q008__Full_MV,q008,Full MV,Which page shows the basic grounded emitter amplifier schematic with labeled matching network elements?,doc003_p007,doc003_p012,0,data\images\doc003\doc003_p012.png,Not enough evidence.,The provided page image does not contain any information about a basic grounded emitter amplifier schematic with labeled matching network elements.,high,
q008__Hybrid_Fusion,q008,Hybrid Fusion,Which page shows the basic grounded emitter amplifier schematic with labeled matching network elements?,doc003_p007,doc003_p007,1,data\images\doc003\doc003_p007.png,Page 7 of 29.,"The page number is located at the bottom of the page, in the lower right corner.",high,
q008__Budgeted_MV,q008,Budgeted MV,Which page shows the basic grounded emitter amplifier schematic with labeled matching network elements?,doc003_p007,doc003_p007,1,data\images\doc003\doc003_p007.png,Page 7 of 29.,"The page number is located at the bottom of the page, in the lower right corner.",high,
q008__Gold_Masked,q008,Gold Masked,Which page shows the basic grounded emitter amplifier schematic with labeled matching network elements?,doc003_p007,doc003_p007,1,artifacts\occlusion_pages\q008_doc003_p007_gold_mask.png,Page 7,The page number is located in the bottom right corner of the page.,high,
q008__Random_Masked,q008,Random Masked,Which page shows the basic grounded emitter amplifier schematic with labeled matching network elements?,doc003_p007,doc003_p007,1,artifacts\occlusion_pages\q008_doc003_p007_random_mask.png,Page 7 of 29.,"The page title at the top of the page reads ""How to use BFU5xx starter-kit"" and the page number is located at the bottom of the page.",high,
q009__Gold_Evidence,q009,Gold Evidence,Which page shows the basic emitter degeneration amplifier schematic with labeled matching network elements?,doc003_p008,doc003_p008,1,artifacts\occlusion_pages\q009_doc003_p008_original.png,Page 8 of 29.,"The page title at the top of the page reads ""How to use BFU5xx starter-kit"" and the page number is located at the bottom of the page.",high,
q009__BM25,q009,BM25,Which page shows the basic emitter degeneration amplifier schematic with labeled matching network elements?,doc003_p008,doc003_p008,1,data\images\doc003\doc003_p008.png,Page 8 of 29.,"The page number is located at the bottom of the page, in the lower right corner.",high,
q009__Full_MV,q009,Full MV,Which page shows the basic emitter degeneration amplifier schematic with labeled matching network elements?,doc003_p008,doc003_p022,0,data\images\doc003\doc003_p022.png,Not enough evidence.,The provided page image does not contain any information about an amplifier or a matching network.,high,
q009__Hybrid_Fusion,q009,Hybrid Fusion,Which page shows the basic emitter degeneration amplifier schematic with labeled matching network elements?,doc003_p008,doc003_p008,1,data\images\doc003\doc003_p008.png,Page 8 of 29.,"The page title at the top of the page reads ""How to use BFU5xx starter-kit"" and the page number is located at the bottom of the page.",high.,
q009__Budgeted_MV,q009,Budgeted MV,Which page shows the basic emitter degeneration amplifier schematic with labeled matching network elements?,doc003_p008,doc003_p007,0,data\images\doc003\doc003_p007.png,Page 7 of 29.,"The page title at the top of the page reads ""Page 7 of 29"" and the page number is located in the bottom right corner of the page.",high.,
q009__Gold_Masked,q009,Gold Masked,Which page shows the basic emitter degeneration amplifier schematic with labeled matching network elements?,doc003_p008,doc003_p008,1,artifacts\occlusion_pages\q009_doc003_p008_gold_mask.png,Page 8,The page number is located in the bottom right corner of the page.,high,
q009__Random_Masked,q009,Random Masked,Which page shows the basic emitter degeneration amplifier schematic with labeled matching network elements?,doc003_p008,doc003_p008,1,artifacts\occlusion_pages\q009_doc003_p008_random_mask.png,Page 8 of 29.,"The page number is located at the bottom of the page, in the lower right corner.",high,
q010__Gold_Evidence,q010,Gold Evidence,Which page shows the PCB layer stack with board cross section and stack dimensions?,doc003_p009,doc003_p009,1,artifacts\occlusion_pages\q010_doc003_p009_original.png,Page 9,"The page number is located at the bottom of the page, in the lower right corner.",high,
q010__BM25,q010,BM25,Which page shows the PCB layer stack with board cross section and stack dimensions?,doc003_p009,doc006_p019,0,data\images\doc006\doc006_p019.png,Not enough evidence.,The provided page image does not contain any information about the PCB layer stack with board cross section and stack dimensions.,high,
q010__Full_MV,q010,Full MV,Which page shows the PCB layer stack with board cross section and stack dimensions?,doc003_p009,doc004_p016,0,data\images\doc004\doc004_p016.png,AN11590,"The page title ""AN11590"" is located at the top of the page.",high,
q010__Hybrid_Fusion,q010,Hybrid Fusion,Which page shows the PCB layer stack with board cross section and stack dimensions?,doc003_p009,doc006_p019,0,data\images\doc006\doc006_p019.png,Not enough evidence.,The provided page image does not contain any information about the PCB layer stack with board cross section and stack dimensions.,high,
q010__Budgeted_MV,q010,Budgeted MV,Which page shows the PCB layer stack with board cross section and stack dimensions?,doc003_p009,doc004_p010,0,data\images\doc004\doc004_p010.png,Not enough evidence.,The provided page image does not contain any information about the PCB layer stack with board cross section and stack dimensions.,high,
q010__Gold_Masked,q010,Gold Masked,Which page shows the PCB layer stack with board cross section and stack dimensions?,doc003_p009,doc003_p009,1,artifacts\occlusion_pages\q010_doc003_p009_gold_mask.png,Page 9 of 29.,"The page number is located at the bottom of the page, in the lower left corner.",high,
q010__Random_Masked,q010,Random Masked,Which page shows the PCB layer stack with board cross section and stack dimensions?,doc003_p009,doc003_p009,1,artifacts\occlusion_pages\q010_doc003_p009_random_mask.png,Page 9,"The page number is located at the bottom of the page, in the lower left corner.",high,
q011__Gold_Evidence,q011,Gold Evidence,Which page contains the populated board and zoomed assembly view for the SOT323 grounded emitter variant?,doc003_p010,doc003_p010,1,artifacts\occlusion_pages\q011_doc003_p010_original.png,UM10772,"The page number ""UM10772"" is located in the top-right corner of the page.",high,
q011__BM25,q011,BM25,Which page contains the populated board and zoomed assembly view for the SOT323 grounded emitter variant?,doc003_p010,doc003_p029,0,data\images\doc003\doc003_p029.png,Not enough evidence.,The provided page image does not contain any information about the SOT323 grounded emitter variant or any board or assembly views.,high,
q011__Full_MV,q011,Full MV,Which page contains the populated board and zoomed assembly view for the SOT323 grounded emitter variant?,doc003_p010,doc003_p012,0,data\images\doc003\doc003_p012.png,Page 12 of 29.,"The page number is located at the bottom of the page, in the lower right corner.",high,
q011__Hybrid_Fusion,q011,Hybrid Fusion,Which page contains the populated board and zoomed assembly view for the SOT323 grounded emitter variant?,doc003_p010,doc003_p029,0,data\images\doc003\doc003_p029.png,Not enough evidence.,The provided page image does not contain any information about the SOT323 grounded emitter variant or any board or assembly views.,high,
q011__Budgeted_MV,q011,Budgeted MV,Which page contains the populated board and zoomed assembly view for the SOT323 grounded emitter variant?,doc003_p010,doc005_p004,0,data\images\doc005\doc005_p004.png,Page 4,"The page number is located at the bottom of the page, and the title ""Figure 3. NCV7535 Evaluation Board Picture, Top Side"" is also present.",high,
q011__Gold_Masked,q011,Gold Masked,Which page contains the populated board and zoomed assembly view for the SOT323 grounded emitter variant?,doc003_p010,doc003_p010,1,artifacts\occlusion_pages\q011_doc003_p010_gold_mask.png,Page 10 of 29.,The page number is located in the bottom right corner of the page.,high.,
q011__Random_Masked,q011,Random Masked,Which page contains the populated board and zoomed assembly view for the SOT323 grounded emitter variant?,doc003_p010,doc003_p010,1,artifacts\occlusion_pages\q011_doc003_p010_random_mask.png,Page 10 of 29.,The page number is located in the bottom right corner of the page.,high.,
q012__Gold_Evidence,q012,Gold Evidence,Which page contains the populated board and zoomed assembly view for the SOT323 emitter degeneration variant?,doc003_p011,doc003_p011,1,artifacts\occlusion_pages\q012_doc003_p011_original.png,Page 11 of 29.,"The page number is located at the bottom of the page, in the lower right corner.",high.,
q012__BM25,q012,BM25,Which page contains the populated board and zoomed assembly view for the SOT323 emitter degeneration variant?,doc003_p011,doc003_p029,0,data\images\doc003\doc003_p029.png,Not enough evidence.,The provided page image does not contain any information about the SOT323 emitter degeneration variant or any board or assembly views.,high,
q012__Full_MV,q012,Full MV,Which page contains the populated board and zoomed assembly view for the SOT323 emitter degeneration variant?,doc003_p011,doc005_p004,0,data\images\doc005\doc005_p004.png,"**Answer:** Not enough evidence.

**Reasoning:**

*   The provided page image does not contain any information about the SOT323 emitter degeneration variant.
*   The page appears to be a general overview of the NCV7535 evaluation board, including operational guidelines and board configuration, but it does not provide any specific details about the SOT323 emitter degeneration variant.
*   There is no mention of the SOT323 emitter degeneration variant in the text or images on the page.

**Conclusion:**

Based on the provided page image, it is not possible to determine which page contains the populated board and zoomed assembly",,,
q012__Hybrid_Fusion,q012,Hybrid Fusion,Which page contains the populated board and zoomed assembly view for the SOT323 emitter degeneration variant?,doc003_p011,doc003_p029,0,data\images\doc003\doc003_p029.png,Not enough evidence.,The provided page image does not contain any information about the SOT323 emitter degeneration variant or any board or assembly views.,high,
q012__Budgeted_MV,q012,Budgeted MV,Which page contains the populated board and zoomed assembly view for the SOT323 emitter degeneration variant?,doc003_p011,doc005_p004,0,data\images\doc005\doc005_p004.png,Page 4,"The page number is located at the bottom of the page, and the title ""Figure 3. NCV7535 Evaluation Board Picture, Top Side"" is also present.",high,
q012__Gold_Masked,q012,Gold Masked,Which page contains the populated board and zoomed assembly view for the SOT323 emitter degeneration variant?,doc003_p011,doc003_p011,1,artifacts\occlusion_pages\q012_doc003_p011_gold_mask.png,Page 11 of 29.,The page number is located in the bottom right corner of the page.,high,
q012__Random_Masked,q012,Random Masked,Which page contains the populated board and zoomed assembly view for the SOT323 emitter degeneration variant?,doc003_p011,doc003_p011,1,artifacts\occlusion_pages\q012_doc003_p011_random_mask.png,Page 11 of 29.,The page number is located in the bottom right corner of the page.,high.,
