case_id,query_id,setting,query,gold_page_id,page_id,rank,retrieval_score,is_gold_page,image_path,model,prompt,vlm_answer,evidence_description,confidence,raw_response,status,error
q001__Gold_Evidence,q001,Gold Evidence,"Which page contains the fabrication requirements table with material, panel, and special requirement specifications?",doc001_p001,doc001_p001,,,1,artifacts\occlusion_pages\q001_doc001_p001_original.png,llama3.2-vision,"You are answering a question about a PCB engineering document page.

Use only the provided page image as evidence.
If the page does not contain enough information, answer exactly:
Not enough evidence.

Question:
Which page contains the fabrication requirements table with material, panel, and special requirement specifications?

Return your answer in this exact format:
Short answer: <one concise answer>
Evidence description: <what visible evidence supports the answer>
Confidence: high / medium / low
",Page 6,The page number is located in the bottom left corner of the page.,high,"Short answer: Page 6
Evidence description: The page number is located in the bottom left corner of the page.
Confidence: high

The page number is located in the bottom left corner of the page, which indicates that this is page 6. The table with material, panel, and special requirement specifications is located on this page, making it the correct answer.",OK,
q001__BM25,q001,BM25,"Which page contains the fabrication requirements table with material, panel, and special requirement specifications?",doc001_p001,doc006_p019,1,1.0,0,data\images\doc006\doc006_p019.png,llama3.2-vision,"You are answering a question about a PCB engineering document page.

Use only the provided page image as evidence.
If the page does not contain enough information, answer exactly:
Not enough evidence.

Question:
Which page contains the fabrication requirements table with material, panel, and special requirement specifications?

Return your answer in this exact format:
Short answer: <one concise answer>
Evidence description: <what visible evidence supports the answer>
Confidence: high / medium / low
",Not enough evidence.,"The provided page does not contain any tables or tables with material, panel, and special requirement specifications.",high,"Short answer: Not enough evidence.
Evidence description: The provided page does not contain any tables or tables with material, panel, and special requirement specifications.
Confidence: high

The page appears to be an introduction to chapter 3 EVM construction, but it does not contain any tables or tables with material, panel, and special requirement specifications. Therefore, it is not possible to determine which page contains this information based on the provided page.",OK,
q001__Full_MV,q001,Full MV,"Which page contains the fabrication requirements table with material, panel, and special requirement specifications?",doc001_p001,doc006_p013,1,1.0330925,0,data\images\doc006\doc006_p013.png,llama3.2-vision,"You are answering a question about a PCB engineering document page.

Use only the provided page image as evidence.
If the page does not contain enough information, answer exactly:
Not enough evidence.

Question:
Which page contains the fabrication requirements table with material, panel, and special requirement specifications?

Return your answer in this exact format:
Short answer: <one concise answer>
Evidence description: <what visible evidence supports the answer>
Confidence: high / medium / low
",Not enough evidence.,"The provided page image does not contain any tables or tables with material, panel, and special requirement specifications.",high,"Short answer: Not enough evidence.
Evidence description: The provided page image does not contain any tables or tables with material, panel, and special requirement specifications.
Confidence: high

The page appears to be an introduction to a chapter or section, but it does not contain any tables or tables with material, panel, and special requirement specifications. The content is focused on setup and required equipment, but it does not provide any information on the actual material, panel, and special requirements. Therefore, it is not possible to determine which page contains the table with these specifications based on the provided page image.",OK,
q001__Hybrid_Fusion,q001,Hybrid Fusion,"Which page contains the fabrication requirements table with material, panel, and special requirement specifications?",doc001_p001,doc006_p019,1,1.0,0,data\images\doc006\doc006_p019.png,llama3.2-vision,"You are answering a question about a PCB engineering document page.

Use only the provided page image as evidence.
If the page does not contain enough information, answer exactly:
Not enough evidence.

Question:
Which page contains the fabrication requirements table with material, panel, and special requirement specifications?

Return your answer in this exact format:
Short answer: <one concise answer>
Evidence description: <what visible evidence supports the answer>
Confidence: high / medium / low
",Not enough evidence.,"The provided page does not contain any tables or tables with material, panel, and special requirement specifications.",high,"Short answer: Not enough evidence.
Evidence description: The provided page does not contain any tables or tables with material, panel, and special requirement specifications.
Confidence: high

The page provided does not contain any tables or tables with material, panel, and special requirement specifications. The page appears to be an introduction to chapter 3 EVM construction, which may contain the table in question. However, based on the provided page, there is not enough evidence to answer the question. Therefore, I must answer ""Not enough evidence.""",OK,
q001__Budgeted_MV,q001,Budgeted MV,"Which page contains the fabrication requirements table with material, panel, and special requirement specifications?",doc001_p001,doc004_p019,1,1.03028953,0,data\images\doc004\doc004_p019.png,llama3.2-vision,"You are answering a question about a PCB engineering document page.

Use only the provided page image as evidence.
If the page does not contain enough information, answer exactly:
Not enough evidence.

Question:
Which page contains the fabrication requirements table with material, panel, and special requirement specifications?

Return your answer in this exact format:
Short answer: <one concise answer>
Evidence description: <what visible evidence supports the answer>
Confidence: high / medium / low
",AN11590,The page number is located in the top right corner of the page.,high,"Short answer: AN11590
Evidence description: The page number is located in the top right corner of the page.
Confidence: high

The page number ""AN11590"" is located in the top right corner of the page, indicating that this is the page containing the table with material, panel, and special requirement specifications.",OK,
q001__Gold_Masked,q001,Gold Masked,"Which page contains the fabrication requirements table with material, panel, and special requirement specifications?",doc001_p001,doc001_p001,,,1,artifacts\occlusion_pages\q001_doc001_p001_gold_mask.png,llama3.2-vision,"You are answering a question about a PCB engineering document page.

Use only the provided page image as evidence.
If the page does not contain enough information, answer exactly:
Not enough evidence.

Question:
Which page contains the fabrication requirements table with material, panel, and special requirement specifications?

Return your answer in this exact format:
Short answer: <one concise answer>
Evidence description: <what visible evidence supports the answer>
Confidence: high / medium / low
",Page 6,The page number is located in the bottom left corner of the page.,high,"Short answer: Page 6
Evidence description: The page number is located in the bottom left corner of the page.
Confidence: high

The page number is located in the bottom left corner of the page, which indicates that this is page 6. The table with material, panel, and special requirement specifications is located on this page, making it the correct answer. The page number is a clear and visible piece of evidence that supports this answer. Therefore, I have high confidence in this answer.",OK,
q001__Random_Masked,q001,Random Masked,"Which page contains the fabrication requirements table with material, panel, and special requirement specifications?",doc001_p001,doc001_p001,,,1,artifacts\occlusion_pages\q001_doc001_p001_random_mask.png,llama3.2-vision,"You are answering a question about a PCB engineering document page.

Use only the provided page image as evidence.
If the page does not contain enough information, answer exactly:
Not enough evidence.

Question:
Which page contains the fabrication requirements table with material, panel, and special requirement specifications?

Return your answer in this exact format:
Short answer: <one concise answer>
Evidence description: <what visible evidence supports the answer>
Confidence: high / medium / low
",Page 6,The page number is located in the bottom left corner of the page.,high,"Short answer: Page 6
Evidence description: The page number is located in the bottom left corner of the page.
Confidence: high

The page number is located in the bottom left corner of the page, which indicates that this is page 6. The table with material, panel, and special requirement specifications is located on this page, making it the correct answer. The page number is a clear and visible piece of evidence that supports this answer. Therefore, I have high confidence in this answer.",OK,
q002__Gold_Evidence,q002,Gold Evidence,Which page explains the breakaway and bevel requirements with dimensioned diagrams?,doc001_p002,doc001_p002,,,1,artifacts\occlusion_pages\q002_doc001_p002_original.png,llama3.2-vision,"You are answering a question about a PCB engineering document page.

Use only the provided page image as evidence.
If the page does not contain enough information, answer exactly:
Not enough evidence.

Question:
Which page explains the breakaway and bevel requirements with dimensioned diagrams?

Return your answer in this exact format:
Short answer: <one concise answer>
Evidence description: <what visible evidence supports the answer>
Confidence: high / medium / low
",Page 6,"The page title ""15-0000-00134-P1 : PCB SLU - SF05B PCB Breakaway Requirements"" and the presence of dimensioned diagrams for both breakaway and bevel requirements.",high,"Short answer: Page 6
Evidence description: The page title ""15-0000-00134-P1 : PCB SLU - SF05B PCB Breakaway Requirements"" and the presence of dimensioned diagrams for both breakaway and bevel requirements.
Confidence: high

The page title and the presence of dimensioned diagrams for both breakaway and bevel requirements support the answer. The page title clearly states that it is about breakaway requirements, and the diagrams provide specific details about the requirements. Therefore, it is highly likely that this page explains the breakaway and bevel requirements with dimensioned diagrams.",OK,
q002__BM25,q002,BM25,Which page explains the breakaway and bevel requirements with dimensioned diagrams?,doc001_p002,doc001_p001,1,1.0,0,data\images\doc001\doc001_p001.png,llama3.2-vision,"You are answering a question about a PCB engineering document page.

Use only the provided page image as evidence.
If the page does not contain enough information, answer exactly:
Not enough evidence.

Question:
Which page explains the breakaway and bevel requirements with dimensioned diagrams?

Return your answer in this exact format:
Short answer: <one concise answer>
Evidence description: <what visible evidence supports the answer>
Confidence: high / medium / low
",,,,,ERROR,"HTTPConnectionPool(host='localhost', port=11434): Read timed out. (read timeout=180)"
q002__Full_MV,q002,Full MV,Which page explains the breakaway and bevel requirements with dimensioned diagrams?,doc001_p002,doc001_p002,1,0.50915086,1,data\images\doc001\doc001_p002.png,llama3.2-vision,"You are answering a question about a PCB engineering document page.

Use only the provided page image as evidence.
If the page does not contain enough information, answer exactly:
Not enough evidence.

Question:
Which page explains the breakaway and bevel requirements with dimensioned diagrams?

Return your answer in this exact format:
Short answer: <one concise answer>
Evidence description: <what visible evidence supports the answer>
Confidence: high / medium / low
",Page 6,"The page title ""15-0000-00134-P1 : PCB SLU - SF05B PCB Breakaway Requirements"" and the presence of dimensioned diagrams for both breakaway and bevel requirements.",high,"Short answer: Page 6
Evidence description: The page title ""15-0000-00134-P1 : PCB SLU - SF05B PCB Breakaway Requirements"" and the presence of dimensioned diagrams for both breakaway and bevel requirements.
Confidence: high

The page title and the presence of dimensioned diagrams for both breakaway and bevel requirements support the answer. The page title clearly states that it is about breakaway requirements, and the diagrams provide specific details about the requirements. Therefore, it is highly likely that this page explains the breakaway and bevel requirements with dimensioned diagrams.",OK,
q002__Hybrid_Fusion,q002,Hybrid Fusion,Which page explains the breakaway and bevel requirements with dimensioned diagrams?,doc001_p002,doc001_p001,1,1.0,0,data\images\doc001\doc001_p001.png,llama3.2-vision,"You are answering a question about a PCB engineering document page.

Use only the provided page image as evidence.
If the page does not contain enough information, answer exactly:
Not enough evidence.

Question:
Which page explains the breakaway and bevel requirements with dimensioned diagrams?

Return your answer in this exact format:
Short answer: <one concise answer>
Evidence description: <what visible evidence supports the answer>
Confidence: high / medium / low
",,,,,ERROR,"HTTPConnectionPool(host='localhost', port=11434): Read timed out. (read timeout=180)"
q002__Budgeted_MV,q002,Budgeted MV,Which page explains the breakaway and bevel requirements with dimensioned diagrams?,doc001_p002,doc006_p013,1,-0.05786718,0,data\images\doc006\doc006_p013.png,llama3.2-vision,"You are answering a question about a PCB engineering document page.

Use only the provided page image as evidence.
If the page does not contain enough information, answer exactly:
Not enough evidence.

Question:
Which page explains the breakaway and bevel requirements with dimensioned diagrams?

Return your answer in this exact format:
Short answer: <one concise answer>
Evidence description: <what visible evidence supports the answer>
Confidence: high / medium / low
",Not enough evidence.,"The provided page does not contain any information about breakaway and bevelling requirements, nor does it include any dimensioned diagrams.",high,"Short answer: Not enough evidence.
Evidence description: The provided page does not contain any information about breakaway and bevelling requirements, nor does it include any dimensioned diagrams.
Confidence: high

The page appears to be an introduction to a chapter or section on setup and required equipment, but it does not contain any information about breakaway and bevelling requirements or any related diagrams. Therefore, it is not possible to answer this question based on the provided page.",OK,
q002__Gold_Masked,q002,Gold Masked,Which page explains the breakaway and bevel requirements with dimensioned diagrams?,doc001_p002,doc001_p002,,,1,artifacts\occlusion_pages\q002_doc001_p002_gold_mask.png,llama3.2-vision,"You are answering a question about a PCB engineering document page.

Use only the provided page image as evidence.
If the page does not contain enough information, answer exactly:
Not enough evidence.

Question:
Which page explains the breakaway and bevel requirements with dimensioned diagrams?

Return your answer in this exact format:
Short answer: <one concise answer>
Evidence description: <what visible evidence supports the answer>
Confidence: high / medium / low
",Page 6,"The page title ""15-0000-00134-P1 : PCB SLU - SF05B PCB Breakaway Requirements"" and the presence of dimensioned diagrams.",high,"Short answer: Page 6
Evidence description: The page title ""15-0000-00134-P1 : PCB SLU - SF05B PCB Breakaway Requirements"" and the presence of dimensioned diagrams.
Confidence: high

The page title and the presence of dimensioned diagrams on the page support the answer. The page title explicitly states ""Breakaway Requirements"", and the page contains several dimensioned diagrams that appear to be related to breakaway and bevel requirements. Therefore, it is likely that this page explains the breakaway and bevel requirements with dimensioned diagrams.",OK,
q002__Random_Masked,q002,Random Masked,Which page explains the breakaway and bevel requirements with dimensioned diagrams?,doc001_p002,doc001_p002,,,1,artifacts\occlusion_pages\q002_doc001_p002_random_mask.png,llama3.2-vision,"You are answering a question about a PCB engineering document page.

Use only the provided page image as evidence.
If the page does not contain enough information, answer exactly:
Not enough evidence.

Question:
Which page explains the breakaway and bevel requirements with dimensioned diagrams?

Return your answer in this exact format:
Short answer: <one concise answer>
Evidence description: <what visible evidence supports the answer>
Confidence: high / medium / low
",Page 6,"The page title ""15-0000-00134-P1 : PCB SLU - SF05B PCB Breakaway Requirements"" and the presence of multiple diagrams and tables related to breakaway and bevel requirements.",high,"Short answer: Page 6
Evidence description: The page title ""15-0000-00134-P1 : PCB SLU - SF05B PCB Breakaway Requirements"" and the presence of multiple diagrams and tables related to breakaway and bevel requirements.
Confidence: high",OK,
q004__Gold_Evidence,q004,Gold Evidence,Which page contains the drill table and stackup legend for the fabrication package?,doc001_p004,doc001_p004,,,1,artifacts\occlusion_pages\q004_doc001_p004_original.png,llama3.2-vision,"You are answering a question about a PCB engineering document page.

Use only the provided page image as evidence.
If the page does not contain enough information, answer exactly:
Not enough evidence.

Question:
Which page contains the drill table and stackup legend for the fabrication package?

Return your answer in this exact format:
Short answer: <one concise answer>
Evidence description: <what visible evidence supports the answer>
Confidence: high / medium / low
",Page 4,The page number is located in the top right corner of the page.,high,"Short answer: Page 4
Evidence description: The page number is located in the top right corner of the page.
Confidence: high",OK,
q004__BM25,q004,BM25,Which page contains the drill table and stackup legend for the fabrication package?,doc001_p004,doc001_p004,1,1.0,1,data\images\doc001\doc001_p004.png,llama3.2-vision,"You are answering a question about a PCB engineering document page.

Use only the provided page image as evidence.
If the page does not contain enough information, answer exactly:
Not enough evidence.

Question:
Which page contains the drill table and stackup legend for the fabrication package?

Return your answer in this exact format:
Short answer: <one concise answer>
Evidence description: <what visible evidence supports the answer>
Confidence: high / medium / low
",Page 4,The page number is located in the top right corner of the page.,high,"Short answer: Page 4
Evidence description: The page number is located in the top right corner of the page.
Confidence: high",OK,
q004__Full_MV,q004,Full MV,Which page contains the drill table and stackup legend for the fabrication package?,doc001_p004,doc005_p006,1,0.68070972,0,data\images\doc005\doc005_p006.png,llama3.2-vision,"You are answering a question about a PCB engineering document page.

Use only the provided page image as evidence.
If the page does not contain enough information, answer exactly:
Not enough evidence.

Question:
Which page contains the drill table and stackup legend for the fabrication package?

Return your answer in this exact format:
Short answer: <one concise answer>
Evidence description: <what visible evidence supports the answer>
Confidence: high / medium / low
",Page 6,The page number is located at the bottom of the page.,high,"Short answer: Page 6
Evidence description: The page number is located at the bottom of the page.
Confidence: high",OK,
q004__Hybrid_Fusion,q004,Hybrid Fusion,Which page contains the drill table and stackup legend for the fabrication package?,doc001_p004,doc001_p004,1,1.0,1,data\images\doc001\doc001_p004.png,llama3.2-vision,"You are answering a question about a PCB engineering document page.

Use only the provided page image as evidence.
If the page does not contain enough information, answer exactly:
Not enough evidence.

Question:
Which page contains the drill table and stackup legend for the fabrication package?

Return your answer in this exact format:
Short answer: <one concise answer>
Evidence description: <what visible evidence supports the answer>
Confidence: high / medium / low
",Page 4,The page number is located in the top right corner of the page.,high,"Short answer: Page 4
Evidence description: The page number is located in the top right corner of the page.
Confidence: high",OK,
q004__Budgeted_MV,q004,Budgeted MV,Which page contains the drill table and stackup legend for the fabrication package?,doc001_p004,doc006_p008,1,0.5818215,0,data\images\doc006\doc006_p008.png,llama3.2-vision,"You are answering a question about a PCB engineering document page.

Use only the provided page image as evidence.
If the page does not contain enough information, answer exactly:
Not enough evidence.

Question:
Which page contains the drill table and stackup legend for the fabrication package?

Return your answer in this exact format:
Short answer: <one concise answer>
Evidence description: <what visible evidence supports the answer>
Confidence: high / medium / low
",Page 6,The page number is located at the bottom of the page.,high,"Short answer: Page 6
Evidence description: The page number is located at the bottom of the page.
Confidence: high",OK,
q004__Gold_Masked,q004,Gold Masked,Which page contains the drill table and stackup legend for the fabrication package?,doc001_p004,doc001_p004,,,1,artifacts\occlusion_pages\q004_doc001_p004_gold_mask.png,llama3.2-vision,"You are answering a question about a PCB engineering document page.

Use only the provided page image as evidence.
If the page does not contain enough information, answer exactly:
Not enough evidence.

Question:
Which page contains the drill table and stackup legend for the fabrication package?

Return your answer in this exact format:
Short answer: <one concise answer>
Evidence description: <what visible evidence supports the answer>
Confidence: high / medium / low
",Page 4,The page number is located in the top right corner of the page.,high,"Short answer: Page 4
Evidence description: The page number is located in the top right corner of the page.
Confidence: high",OK,
q004__Random_Masked,q004,Random Masked,Which page contains the drill table and stackup legend for the fabrication package?,doc001_p004,doc001_p004,,,1,artifacts\occlusion_pages\q004_doc001_p004_random_mask.png,llama3.2-vision,"You are answering a question about a PCB engineering document page.

Use only the provided page image as evidence.
If the page does not contain enough information, answer exactly:
Not enough evidence.

Question:
Which page contains the drill table and stackup legend for the fabrication package?

Return your answer in this exact format:
Short answer: <one concise answer>
Evidence description: <what visible evidence supports the answer>
Confidence: high / medium / low
",Page 4,The page number is located in the top right corner of the page.,high,"Short answer: Page 4
Evidence description: The page number is located in the top right corner of the page.
Confidence: high",OK,
q006__Gold_Evidence,q006,Gold Evidence,"Which page combines the assembly drawing, BOM table, and component callouts in a single view?",doc002_p001,doc002_p001,,,1,artifacts\occlusion_pages\q006_doc002_p001_original.png,llama3.2-vision,"You are answering a question about a PCB engineering document page.

Use only the provided page image as evidence.
If the page does not contain enough information, answer exactly:
Not enough evidence.

Question:
Which page combines the assembly drawing, BOM table, and component callouts in a single view?

Return your answer in this exact format:
Short answer: <one concise answer>
Evidence description: <what visible evidence supports the answer>
Confidence: high / medium / low
",Page A3-CAGE_CODE,"The page title ""A3-CAGE_CODE"" is located in the top-right corner of the page.",high,"Short answer: Page A3-CAGE_CODE
Evidence description: The page title ""A3-CAGE_CODE"" is located in the top-right corner of the page.
Confidence: high

The page title ""A3-CAGE_CODE"" is located in the top-right corner of the page, which suggests that this page is indeed the one that combines the assembly drawing, BOM table, and component callouts in a single view. The page title is a clear and specific identifier, and it is located in a prominent position on the page, making it easy to identify. Therefore, I have high confidence in this answer.",OK,
q006__BM25,q006,BM25,"Which page combines the assembly drawing, BOM table, and component callouts in a single view?",doc002_p001,doc002_p001,1,1.0,1,data\images\doc002\doc002_p001.png,llama3.2-vision,"You are answering a question about a PCB engineering document page.

Use only the provided page image as evidence.
If the page does not contain enough information, answer exactly:
Not enough evidence.

Question:
Which page combines the assembly drawing, BOM table, and component callouts in a single view?

Return your answer in this exact format:
Short answer: <one concise answer>
Evidence description: <what visible evidence supports the answer>
Confidence: high / medium / low
",Page A3-CAGE_CODE,"The page title ""A3-CAGE_CODE"" is located in the top-right corner of the page.",high,"Short answer: Page A3-CAGE_CODE
Evidence description: The page title ""A3-CAGE_CODE"" is located in the top-right corner of the page.
Confidence: high

The page title ""A3-CAGE_CODE"" is located in the top-right corner of the page, which suggests that this page is indeed the one that combines the assembly drawing, BOM table, and component callouts in a single view. The page title is a clear and specific identifier, which makes it easy to identify this page as the correct answer. Therefore, I have high confidence in this answer.",OK,
q006__Full_MV,q006,Full MV,"Which page combines the assembly drawing, BOM table, and component callouts in a single view?",doc002_p001,doc004_p010,1,0.42580336,0,data\images\doc004\doc004_p010.png,llama3.2-vision,"You are answering a question about a PCB engineering document page.

Use only the provided page image as evidence.
If the page does not contain enough information, answer exactly:
Not enough evidence.

Question:
Which page combines the assembly drawing, BOM table, and component callouts in a single view?

Return your answer in this exact format:
Short answer: <one concise answer>
Evidence description: <what visible evidence supports the answer>
Confidence: high / medium / low
",AN11590,"The page title at the top of the page is ""AN11590 PTN3356 PCB Layout Guideline, Reference Schematics and BOM"".",high,"Short answer: AN11590
Evidence description: The page title at the top of the page is ""AN11590 PTN3356 PCB Layout Guideline, Reference Schematics and BOM"".
Confidence: high

The page title at the top of the page is ""AN11590 PTN3356 PCB Layout Guideline, Reference Schematics and BOM"", which suggests that this page is a combined version of the three documents. The title is located at the top of the page, making it a clear and direct piece of evidence. Therefore, I have high confidence in this answer.",OK,
q006__Hybrid_Fusion,q006,Hybrid Fusion,"Which page combines the assembly drawing, BOM table, and component callouts in a single view?",doc002_p001,doc002_p001,1,1.0,1,data\images\doc002\doc002_p001.png,llama3.2-vision,"You are answering a question about a PCB engineering document page.

Use only the provided page image as evidence.
If the page does not contain enough information, answer exactly:
Not enough evidence.

Question:
Which page combines the assembly drawing, BOM table, and component callouts in a single view?

Return your answer in this exact format:
Short answer: <one concise answer>
Evidence description: <what visible evidence supports the answer>
Confidence: high / medium / low
",Page A3-CAGE_CODE,"The page title ""A3-CAGE_CODE"" is located in the top-right corner of the page.",high,"Short answer: Page A3-CAGE_CODE
Evidence description: The page title ""A3-CAGE_CODE"" is located in the top-right corner of the page.
Confidence: high

The page title ""A3-CAGE_CODE"" is located in the top-right corner of the page, which suggests that this page is indeed the one that combines the assembly drawing, BOM table, and component callouts in a single view. The page title is a clear and specific identifier, which makes it easy to identify this page as the correct answer. Therefore, I have high confidence in this answer.",OK,
q006__Budgeted_MV,q006,Budgeted MV,"Which page combines the assembly drawing, BOM table, and component callouts in a single view?",doc002_p001,doc006_p013,1,0.360798,0,data\images\doc006\doc006_p013.png,llama3.2-vision,"You are answering a question about a PCB engineering document page.

Use only the provided page image as evidence.
If the page does not contain enough information, answer exactly:
Not enough evidence.

Question:
Which page combines the assembly drawing, BOM table, and component callouts in a single view?

Return your answer in this exact format:
Short answer: <one concise answer>
Evidence description: <what visible evidence supports the answer>
Confidence: high / medium / low
",Page 2,"The page title ""2 Setup and Required Equipment"" and the content below it.",high,"Short answer: Page 2
Evidence description: The page title ""2 Setup and Required Equipment"" and the content below it.
Confidence: high

The page title and content suggest that this page is a single page that combines multiple views, including the assembly drawing, BOM table, and component callouts. The title and content are not specific to any one of these views, but rather seem to be a general overview of setup and required equipment. Therefore, it is likely that this page is a single page that combines multiple views.",OK,
q006__Gold_Masked,q006,Gold Masked,"Which page combines the assembly drawing, BOM table, and component callouts in a single view?",doc002_p001,doc002_p001,,,1,artifacts\occlusion_pages\q006_doc002_p001_gold_mask.png,llama3.2-vision,"You are answering a question about a PCB engineering document page.

Use only the provided page image as evidence.
If the page does not contain enough information, answer exactly:
Not enough evidence.

Question:
Which page combines the assembly drawing, BOM table, and component callouts in a single view?

Return your answer in this exact format:
Short answer: <one concise answer>
Evidence description: <what visible evidence supports the answer>
Confidence: high / medium / low
",Page A3-CAGE_CODE,"The page title ""A3-CAGE_CODE"" is located at the top right corner of the page.",high,"Short answer: Page A3-CAGE_CODE
Evidence description: The page title ""A3-CAGE_CODE"" is located at the top right corner of the page.
Confidence: high

The page title ""A3-CAGE_CODE"" is located at the top right corner of the page, which suggests that this page is indeed the one that combines the assembly drawing, BOM table, and component callouts in a single view. The page title is a clear and specific identifier, which is usually used to label pages in a document. Therefore, I have high confidence in this answer.",OK,
q006__Random_Masked,q006,Random Masked,"Which page combines the assembly drawing, BOM table, and component callouts in a single view?",doc002_p001,doc002_p001,,,1,artifacts\occlusion_pages\q006_doc002_p001_random_mask.png,llama3.2-vision,"You are answering a question about a PCB engineering document page.

Use only the provided page image as evidence.
If the page does not contain enough information, answer exactly:
Not enough evidence.

Question:
Which page combines the assembly drawing, BOM table, and component callouts in a single view?

Return your answer in this exact format:
Short answer: <one concise answer>
Evidence description: <what visible evidence supports the answer>
Confidence: high / medium / low
",Page A3-CAGE_CODE,"The page title ""A3-CAGE_CODE"" is located in the top-right corner of the page.",high,"Short answer: Page A3-CAGE_CODE
Evidence description: The page title ""A3-CAGE_CODE"" is located in the top-right corner of the page.
Confidence: high

The page title ""A3-CAGE_CODE"" is located in the top-right corner of the page, which suggests that this page is indeed the one that combines the assembly drawing, BOM table, and component callouts in a single view. The page title is a clear and specific identifier, which is usually used to label pages in a document. Therefore, I have high confidence in this answer.",OK,
q007__Gold_Evidence,q007,Gold Evidence,Which page lists the bill of materials together with top and bottom assembly views?,doc002_p001,doc002_p001,,,1,artifacts\occlusion_pages\q007_doc002_p001_original.png,llama3.2-vision,"You are answering a question about a PCB engineering document page.

Use only the provided page image as evidence.
If the page does not contain enough information, answer exactly:
Not enough evidence.

Question:
Which page lists the bill of materials together with top and bottom assembly views?

Return your answer in this exact format:
Short answer: <one concise answer>
Evidence description: <what visible evidence supports the answer>
Confidence: high / medium / low
",Page C,"The page is titled ""The Main Advantages when using Draftsman to Create an Assembly Drawing"" and contains a bill of materials table, top and bottom assembly views, and other relevant information.",high,"Short answer: Page C
Evidence description: The page is titled ""The Main Advantages when using Draftsman to Create an Assembly Drawing"" and contains a bill of materials table, top and bottom assembly views, and other relevant information.
Confidence: high

This answer is based on the provided page image, which shows a page with a title, a bill of materials table, and top and bottom assembly views. The page appears to be an engineering document page, which is typically used to document and/or design a product. The presence of a bill of materials table and top and bottom assembly views suggests that this page is indeed listing the bill of materials together with these views. Therefore, I am confident in my answer.",OK,
q007__BM25,q007,BM25,Which page lists the bill of materials together with top and bottom assembly views?,doc002_p001,doc006_p019,1,1.0,0,data\images\doc006\doc006_p019.png,llama3.2-vision,"You are answering a question about a PCB engineering document page.

Use only the provided page image as evidence.
If the page does not contain enough information, answer exactly:
Not enough evidence.

Question:
Which page lists the bill of materials together with top and bottom assembly views?

Return your answer in this exact format:
Short answer: <one concise answer>
Evidence description: <what visible evidence supports the answer>
Confidence: high / medium / low
",Not enough evidence.,The provided page does not contain any information about top and bottom assembly views or a bill of materials.,high,"Short answer: Not enough evidence.
Evidence description: The provided page does not contain any information about top and bottom assembly views or a bill of materials.
Confidence: high

The page appears to be a table of contents or an index page, but it does not contain any information about top and bottom assembly views or a bill of materials. The table of contents lists various chapters and topics, but it does not mention anything about top and bottom assembly views or a bill of materials. Therefore, it is not possible to determine which page lists the bill of materials together with top and bottom assembly views.",OK,
q007__Full_MV,q007,Full MV,Which page lists the bill of materials together with top and bottom assembly views?,doc002_p001,doc006_p013,1,0.36529362,0,data\images\doc006\doc006_p013.png,llama3.2-vision,"You are answering a question about a PCB engineering document page.

Use only the provided page image as evidence.
If the page does not contain enough information, answer exactly:
Not enough evidence.

Question:
Which page lists the bill of materials together with top and bottom assembly views?

Return your answer in this exact format:
Short answer: <one concise answer>
Evidence description: <what visible evidence supports the answer>
Confidence: high / medium / low
",Not enough evidence.,The provided page image does not contain any information about the bill of materials or top and bottom assembly views.,high,"Short answer: Not enough evidence.
Evidence description: The provided page image does not contain any information about the bill of materials or top and bottom assembly views.
Confidence: high

The page appears to be a chapter 2 setup and required equipment page, which does not contain any information about the bill of materials or top and bottom assembly views. Therefore, it is not possible to determine which page lists this information based on this page alone.",OK,
q007__Hybrid_Fusion,q007,Hybrid Fusion,Which page lists the bill of materials together with top and bottom assembly views?,doc002_p001,doc006_p019,1,1.0,0,data\images\doc006\doc006_p019.png,llama3.2-vision,"You are answering a question about a PCB engineering document page.

Use only the provided page image as evidence.
If the page does not contain enough information, answer exactly:
Not enough evidence.

Question:
Which page lists the bill of materials together with top and bottom assembly views?

Return your answer in this exact format:
Short answer: <one concise answer>
Evidence description: <what visible evidence supports the answer>
Confidence: high / medium / low
",Not enough evidence.,The provided page does not contain any information about top and bottom assembly views or a bill of materials.,high,"Short answer: Not enough evidence.
Evidence description: The provided page does not contain any information about top and bottom assembly views or a bill of materials.
Confidence: high

The page appears to be a table of contents or an index page, but it does not contain any information about top and bottom assembly views or a bill of materials. The table of contents lists various topics, but none of them seem to be related to top and bottom assembly views or a bill of materials. Therefore, it is not possible to determine which page lists the bill of materials together with top and bottom assembly views.",OK,
q007__Budgeted_MV,q007,Budgeted MV,Which page lists the bill of materials together with top and bottom assembly views?,doc002_p001,doc004_p019,1,0.35800615,0,data\images\doc004\doc004_p019.png,llama3.2-vision,"You are answering a question about a PCB engineering document page.

Use only the provided page image as evidence.
If the page does not contain enough information, answer exactly:
Not enough evidence.

Question:
Which page lists the bill of materials together with top and bottom assembly views?

Return your answer in this exact format:
Short answer: <one concise answer>
Evidence description: <what visible evidence supports the answer>
Confidence: high / medium / low
",,,,,ERROR,"HTTPConnectionPool(host='localhost', port=11434): Read timed out. (read timeout=180)"
q007__Gold_Masked,q007,Gold Masked,Which page lists the bill of materials together with top and bottom assembly views?,doc002_p001,doc002_p001,,,1,artifacts\occlusion_pages\q007_doc002_p001_gold_mask.png,llama3.2-vision,"You are answering a question about a PCB engineering document page.

Use only the provided page image as evidence.
If the page does not contain enough information, answer exactly:
Not enough evidence.

Question:
Which page lists the bill of materials together with top and bottom assembly views?

Return your answer in this exact format:
Short answer: <one concise answer>
Evidence description: <what visible evidence supports the answer>
Confidence: high / medium / low
",Page C,"The page is titled ""The Main Advantages when using Draftsman to Create an Assembly Drawing"" and contains a bill of materials (BOM) table, as well as top and bottom assembly views.",high,"Short answer: Page C
Evidence description: The page is titled ""The Main Advantages when using Draftsman to Create an Assembly Drawing"" and contains a bill of materials (BOM) table, as well as top and bottom assembly views.
Confidence: high

The page is titled ""The Main Advantages when using Draftsman to Create an Assembly Drawing"" and contains a bill of materials (BOM) table, as well as top and bottom assembly views. The BOM table is located at the top of the page, and the top and bottom assembly views are located below the BOM table. This suggests that this page is intended to list the bill of materials together with top and bottom assembly views.",OK,
q007__Random_Masked,q007,Random Masked,Which page lists the bill of materials together with top and bottom assembly views?,doc002_p001,doc002_p001,,,1,artifacts\occlusion_pages\q007_doc002_p001_random_mask.png,llama3.2-vision,"You are answering a question about a PCB engineering document page.

Use only the provided page image as evidence.
If the page does not contain enough information, answer exactly:
Not enough evidence.

Question:
Which page lists the bill of materials together with top and bottom assembly views?

Return your answer in this exact format:
Short answer: <one concise answer>
Evidence description: <what visible evidence supports the answer>
Confidence: high / medium / low
",Page C,"The page title ""The Main Advantages when using Draftsman to Create an Assembly Drawing"" and the presence of a bill of materials table, top and bottom assembly views, and a bill of materials table.",high,"Short answer: Page C
Evidence description: The page title ""The Main Advantages when using Draftsman to Create an Assembly Drawing"" and the presence of a bill of materials table, top and bottom assembly views, and a bill of materials table.
Confidence: high

The page title and content suggest that this page is intended to provide a comprehensive overview of the advantages of using a draftsman to create an assembly drawing. The presence of a bill of materials table, top and bottom assembly views, and a bill of materials table further supports this conclusion. Therefore, it is likely that this page is the one that lists the bill of materials together with top and bottom assembly views.",OK,
q008__Gold_Evidence,q008,Gold Evidence,Which page shows the basic grounded emitter amplifier schematic with labeled matching network elements?,doc003_p007,doc003_p007,,,1,artifacts\occlusion_pages\q008_doc003_p007_original.png,llama3.2-vision,"You are answering a question about a PCB engineering document page.

Use only the provided page image as evidence.
If the page does not contain enough information, answer exactly:
Not enough evidence.

Question:
Which page shows the basic grounded emitter amplifier schematic with labeled matching network elements?

Return your answer in this exact format:
Short answer: <one concise answer>
Evidence description: <what visible evidence supports the answer>
Confidence: high / medium / low
",Page 7 of 29.,"The page title ""3.1 Basic Schematic for Grounded Emitter"" and the page number ""7 of 29"" at the bottom of the page.",high.,"Short answer: Page 7 of 29.
Evidence description: The page title ""3.1 Basic Schematic for Grounded Emitter"" and the page number ""7 of 29"" at the bottom of the page.
Confidence: high.",OK,
q008__BM25,q008,BM25,Which page shows the basic grounded emitter amplifier schematic with labeled matching network elements?,doc003_p007,doc003_p007,1,1.0,1,data\images\doc003\doc003_p007.png,llama3.2-vision,"You are answering a question about a PCB engineering document page.

Use only the provided page image as evidence.
If the page does not contain enough information, answer exactly:
Not enough evidence.

Question:
Which page shows the basic grounded emitter amplifier schematic with labeled matching network elements?

Return your answer in this exact format:
Short answer: <one concise answer>
Evidence description: <what visible evidence supports the answer>
Confidence: high / medium / low
",Page 7,The page number is located in the bottom right corner of the page.,high,"Short answer: Page 7
Evidence description: The page number is located in the bottom right corner of the page.
Confidence: high",OK,
q008__Full_MV,q008,Full MV,Which page shows the basic grounded emitter amplifier schematic with labeled matching network elements?,doc003_p007,doc003_p012,1,1.08390713,0,data\images\doc003\doc003_p012.png,llama3.2-vision,"You are answering a question about a PCB engineering document page.

Use only the provided page image as evidence.
If the page does not contain enough information, answer exactly:
Not enough evidence.

Question:
Which page shows the basic grounded emitter amplifier schematic with labeled matching network elements?

Return your answer in this exact format:
Short answer: <one concise answer>
Evidence description: <what visible evidence supports the answer>
Confidence: high / medium / low
",Not enough evidence.,The provided page image does not contain any information about a basic grounded emitter amplifier schematic with labeled matching network elements.,high,"Short answer: Not enough evidence.
Evidence description: The provided page image does not contain any information about a basic grounded emitter amplifier schematic with labeled matching network elements.
Confidence: high

The page appears to be a user manual for NXP Semiconductors' BFU5xx starter kit, but it does not contain any information about a basic grounded emitter amplifier with labeled matching network elements. The page seems to be focused on how to use the BFU5xx starter kit, but it does not provide any information about a specific circuit or its components. Therefore, it is not possible to answer the question based on the provided page image.",OK,
q008__Hybrid_Fusion,q008,Hybrid Fusion,Which page shows the basic grounded emitter amplifier schematic with labeled matching network elements?,doc003_p007,doc003_p007,1,1.0,1,data\images\doc003\doc003_p007.png,llama3.2-vision,"You are answering a question about a PCB engineering document page.

Use only the provided page image as evidence.
If the page does not contain enough information, answer exactly:
Not enough evidence.

Question:
Which page shows the basic grounded emitter amplifier schematic with labeled matching network elements?

Return your answer in this exact format:
Short answer: <one concise answer>
Evidence description: <what visible evidence supports the answer>
Confidence: high / medium / low
",Page 7 of 29.,"The page number is located at the bottom of the page, in the lower right corner.",high,"Short answer: Page 7 of 29.
Evidence description: The page number is located at the bottom of the page, in the lower right corner.
Confidence: high",OK,
q008__Budgeted_MV,q008,Budgeted MV,Which page shows the basic grounded emitter amplifier schematic with labeled matching network elements?,doc003_p007,doc003_p007,1,0.55040222,1,data\images\doc003\doc003_p007.png,llama3.2-vision,"You are answering a question about a PCB engineering document page.

Use only the provided page image as evidence.
If the page does not contain enough information, answer exactly:
Not enough evidence.

Question:
Which page shows the basic grounded emitter amplifier schematic with labeled matching network elements?

Return your answer in this exact format:
Short answer: <one concise answer>
Evidence description: <what visible evidence supports the answer>
Confidence: high / medium / low
",Page 7 of 29.,"The page number is located at the bottom of the page, in the lower right corner.",high,"Short answer: Page 7 of 29.
Evidence description: The page number is located at the bottom of the page, in the lower right corner.
Confidence: high",OK,
q008__Gold_Masked,q008,Gold Masked,Which page shows the basic grounded emitter amplifier schematic with labeled matching network elements?,doc003_p007,doc003_p007,,,1,artifacts\occlusion_pages\q008_doc003_p007_gold_mask.png,llama3.2-vision,"You are answering a question about a PCB engineering document page.

Use only the provided page image as evidence.
If the page does not contain enough information, answer exactly:
Not enough evidence.

Question:
Which page shows the basic grounded emitter amplifier schematic with labeled matching network elements?

Return your answer in this exact format:
Short answer: <one concise answer>
Evidence description: <what visible evidence supports the answer>
Confidence: high / medium / low
",Page 7,The page number is located in the bottom right corner of the page.,high,"Short answer: Page 7
Evidence description: The page number is located in the bottom right corner of the page.
Confidence: high",OK,
q008__Random_Masked,q008,Random Masked,Which page shows the basic grounded emitter amplifier schematic with labeled matching network elements?,doc003_p007,doc003_p007,,,1,artifacts\occlusion_pages\q008_doc003_p007_random_mask.png,llama3.2-vision,"You are answering a question about a PCB engineering document page.

Use only the provided page image as evidence.
If the page does not contain enough information, answer exactly:
Not enough evidence.

Question:
Which page shows the basic grounded emitter amplifier schematic with labeled matching network elements?

Return your answer in this exact format:
Short answer: <one concise answer>
Evidence description: <what visible evidence supports the answer>
Confidence: high / medium / low
",Page 7 of 29.,"The page title at the top of the page reads ""How to use BFU5xx starter-kit"" and the page number is located at the bottom of the page.",high,"Short answer: Page 7 of 29.
Evidence description: The page title at the top of the page reads ""How to use BFU5xx starter-kit"" and the page number is located at the bottom of the page.
Confidence: high",OK,
q009__Gold_Evidence,q009,Gold Evidence,Which page shows the basic emitter degeneration amplifier schematic with labeled matching network elements?,doc003_p008,doc003_p008,,,1,artifacts\occlusion_pages\q009_doc003_p008_original.png,llama3.2-vision,"You are answering a question about a PCB engineering document page.

Use only the provided page image as evidence.
If the page does not contain enough information, answer exactly:
Not enough evidence.

Question:
Which page shows the basic emitter degeneration amplifier schematic with labeled matching network elements?

Return your answer in this exact format:
Short answer: <one concise answer>
Evidence description: <what visible evidence supports the answer>
Confidence: high / medium / low
",Page 8 of 29.,"The page title at the top of the page reads ""How to use BFU5xx starter-kit"" and the page number is located at the bottom of the page.",high,"Short answer: Page 8 of 29.
Evidence description: The page title at the top of the page reads ""How to use BFU5xx starter-kit"" and the page number is located at the bottom of the page.
Confidence: high

The page number at the bottom of the page indicates that this is page 8 of 29, which suggests that this is the page that shows the basic emitter deg
... (rest of answer not provided)",OK,
q009__BM25,q009,BM25,Which page shows the basic emitter degeneration amplifier schematic with labeled matching network elements?,doc003_p008,doc003_p008,1,1.0,1,data\images\doc003\doc003_p008.png,llama3.2-vision,"You are answering a question about a PCB engineering document page.

Use only the provided page image as evidence.
If the page does not contain enough information, answer exactly:
Not enough evidence.

Question:
Which page shows the basic emitter degeneration amplifier schematic with labeled matching network elements?

Return your answer in this exact format:
Short answer: <one concise answer>
Evidence description: <what visible evidence supports the answer>
Confidence: high / medium / low
",Page 8 of 29.,"The page number is located at the bottom of the page, in the lower right corner.",high,"Short answer: Page 8 of 29.
Evidence description: The page number is located at the bottom of the page, in the lower right corner.
Confidence: high",OK,
q009__Full_MV,q009,Full MV,Which page shows the basic emitter degeneration amplifier schematic with labeled matching network elements?,doc003_p008,doc003_p022,1,0.69894534,0,data\images\doc003\doc003_p022.png,llama3.2-vision,"You are answering a question about a PCB engineering document page.

Use only the provided page image as evidence.
If the page does not contain enough information, answer exactly:
Not enough evidence.

Question:
Which page shows the basic emitter degeneration amplifier schematic with labeled matching network elements?

Return your answer in this exact format:
Short answer: <one concise answer>
Evidence description: <what visible evidence supports the answer>
Confidence: high / medium / low
",Not enough evidence.,The provided page image does not contain any information about an amplifier or a matching network.,high,"Short answer: Not enough evidence.
Evidence description: The provided page image does not contain any information about an amplifier or a matching network.
Confidence: high

The page appears to be an introduction to using a BFU5xx starter kit, with a section on example amplifier designs. However, there is no mention of an amplifier or a matching network. The page seems to be an introduction to the topic, and it does not contain any information about an amplifier or a matching network. Therefore, it is not possible to answer the question based on this page.",OK,
q009__Hybrid_Fusion,q009,Hybrid Fusion,Which page shows the basic emitter degeneration amplifier schematic with labeled matching network elements?,doc003_p008,doc003_p008,1,1.0,1,data\images\doc003\doc003_p008.png,llama3.2-vision,"You are answering a question about a PCB engineering document page.

Use only the provided page image as evidence.
If the page does not contain enough information, answer exactly:
Not enough evidence.

Question:
Which page shows the basic emitter degeneration amplifier schematic with labeled matching network elements?

Return your answer in this exact format:
Short answer: <one concise answer>
Evidence description: <what visible evidence supports the answer>
Confidence: high / medium / low
",Page 8 of 29.,"The page title at the top of the page reads ""How to use BFU5xx starter-kit"" and the page number is located at the bottom of the page.",high.,"Short answer: Page 8 of 29.
Evidence description: The page title at the top of the page reads ""How to use BFU5xx starter-kit"" and the page number is located at the bottom of the page.
Confidence: high.",OK,
q009__Budgeted_MV,q009,Budgeted MV,Which page shows the basic emitter degeneration amplifier schematic with labeled matching network elements?,doc003_p008,doc003_p007,1,0.62110317,0,data\images\doc003\doc003_p007.png,llama3.2-vision,"You are answering a question about a PCB engineering document page.

Use only the provided page image as evidence.
If the page does not contain enough information, answer exactly:
Not enough evidence.

Question:
Which page shows the basic emitter degeneration amplifier schematic with labeled matching network elements?

Return your answer in this exact format:
Short answer: <one concise answer>
Evidence description: <what visible evidence supports the answer>
Confidence: high / medium / low
",Page 7 of 29.,"The page title at the top of the page reads ""Page 7 of 29"" and the page number is located in the bottom right corner of the page.",high.,"Short answer: Page 7 of 29.
Evidence description: The page title at the top of the page reads ""Page 7 of 29"" and the page number is located in the bottom right corner of the page.
Confidence: high.",OK,
q009__Gold_Masked,q009,Gold Masked,Which page shows the basic emitter degeneration amplifier schematic with labeled matching network elements?,doc003_p008,doc003_p008,,,1,artifacts\occlusion_pages\q009_doc003_p008_gold_mask.png,llama3.2-vision,"You are answering a question about a PCB engineering document page.

Use only the provided page image as evidence.
If the page does not contain enough information, answer exactly:
Not enough evidence.

Question:
Which page shows the basic emitter degeneration amplifier schematic with labeled matching network elements?

Return your answer in this exact format:
Short answer: <one concise answer>
Evidence description: <what visible evidence supports the answer>
Confidence: high / medium / low
",Page 8,The page number is located in the bottom right corner of the page.,high,"Short answer: Page 8
Evidence description: The page number is located in the bottom right corner of the page.
Confidence: high",OK,
q009__Random_Masked,q009,Random Masked,Which page shows the basic emitter degeneration amplifier schematic with labeled matching network elements?,doc003_p008,doc003_p008,,,1,artifacts\occlusion_pages\q009_doc003_p008_random_mask.png,llama3.2-vision,"You are answering a question about a PCB engineering document page.

Use only the provided page image as evidence.
If the page does not contain enough information, answer exactly:
Not enough evidence.

Question:
Which page shows the basic emitter degeneration amplifier schematic with labeled matching network elements?

Return your answer in this exact format:
Short answer: <one concise answer>
Evidence description: <what visible evidence supports the answer>
Confidence: high / medium / low
",Page 8 of 29.,"The page number is located at the bottom of the page, in the lower right corner.",high,"Short answer: Page 8 of 29.
Evidence description: The page number is located at the bottom of the page, in the lower right corner.
Confidence: high",OK,
q010__Gold_Evidence,q010,Gold Evidence,Which page shows the PCB layer stack with board cross section and stack dimensions?,doc003_p009,doc003_p009,,,1,artifacts\occlusion_pages\q010_doc003_p009_original.png,llama3.2-vision,"You are answering a question about a PCB engineering document page.

Use only the provided page image as evidence.
If the page does not contain enough information, answer exactly:
Not enough evidence.

Question:
Which page shows the PCB layer stack with board cross section and stack dimensions?

Return your answer in this exact format:
Short answer: <one concise answer>
Evidence description: <what visible evidence supports the answer>
Confidence: high / medium / low
",Page 9,"The page number is located at the bottom of the page, in the lower right corner.",high,"Short answer: Page 9
Evidence description: The page number is located at the bottom of the page, in the lower right corner.
Confidence: high",OK,
q010__BM25,q010,BM25,Which page shows the PCB layer stack with board cross section and stack dimensions?,doc003_p009,doc006_p019,1,1.0,0,data\images\doc006\doc006_p019.png,llama3.2-vision,"You are answering a question about a PCB engineering document page.

Use only the provided page image as evidence.
If the page does not contain enough information, answer exactly:
Not enough evidence.

Question:
Which page shows the PCB layer stack with board cross section and stack dimensions?

Return your answer in this exact format:
Short answer: <one concise answer>
Evidence description: <what visible evidence supports the answer>
Confidence: high / medium / low
",Not enough evidence.,The provided page image does not contain any information about the PCB layer stack with board cross section and stack dimensions.,high,"Short answer: Not enough evidence.
Evidence description: The provided page image does not contain any information about the PCB layer stack with board cross section and stack dimensions.
Confidence: high

The page appears to be an introduction to chapter 3 EVM construction, but it does not contain any information about the actual design or layout of the board. The table of contents and chapter introduction do not mention anything about the board's layer stack or its cross section. Therefore, it is not possible to determine which page shows the information you are looking for.",OK,
q010__Full_MV,q010,Full MV,Which page shows the PCB layer stack with board cross section and stack dimensions?,doc003_p009,doc004_p016,1,0.59570181,0,data\images\doc004\doc004_p016.png,llama3.2-vision,"You are answering a question about a PCB engineering document page.

Use only the provided page image as evidence.
If the page does not contain enough information, answer exactly:
Not enough evidence.

Question:
Which page shows the PCB layer stack with board cross section and stack dimensions?

Return your answer in this exact format:
Short answer: <one concise answer>
Evidence description: <what visible evidence supports the answer>
Confidence: high / medium / low
",AN11590,"The page title ""AN11590"" is located at the top of the page.",high,"Short answer: AN11590
Evidence description: The page title ""AN11590"" is located at the top of the page.
Confidence: high",OK,
q010__Hybrid_Fusion,q010,Hybrid Fusion,Which page shows the PCB layer stack with board cross section and stack dimensions?,doc003_p009,doc006_p019,1,1.0,0,data\images\doc006\doc006_p019.png,llama3.2-vision,"You are answering a question about a PCB engineering document page.

Use only the provided page image as evidence.
If the page does not contain enough information, answer exactly:
Not enough evidence.

Question:
Which page shows the PCB layer stack with board cross section and stack dimensions?

Return your answer in this exact format:
Short answer: <one concise answer>
Evidence description: <what visible evidence supports the answer>
Confidence: high / medium / low
",Not enough evidence.,The provided page image does not contain any information about the PCB layer stack with board cross section and stack dimensions.,high,"Short answer: Not enough evidence.
Evidence description: The provided page image does not contain any information about the PCB layer stack with board cross section and stack dimensions.
Confidence: high

The page appears to be an introduction to chapter 3 EVM construction, but it does not contain any information about the actual design or layout of the board. The table of contents and chapter introduction do not mention anything about the board's layer stack or its cross section. Therefore, it is not possible to determine which page shows the information you are looking for.",OK,
q010__Budgeted_MV,q010,Budgeted MV,Which page shows the PCB layer stack with board cross section and stack dimensions?,doc003_p009,doc004_p010,1,0.59085399,0,data\images\doc004\doc004_p010.png,llama3.2-vision,"You are answering a question about a PCB engineering document page.

Use only the provided page image as evidence.
If the page does not contain enough information, answer exactly:
Not enough evidence.

Question:
Which page shows the PCB layer stack with board cross section and stack dimensions?

Return your answer in this exact format:
Short answer: <one concise answer>
Evidence description: <what visible evidence supports the answer>
Confidence: high / medium / low
",Not enough evidence.,The provided page image does not contain any information about the PCB layer stack with board cross section and stack dimensions.,high,"Short answer: Not enough evidence.
Evidence description: The provided page image does not contain any information about the PCB layer stack with board cross section and stack dimensions.
Confidence: high

The page appears to be an application note for NXP Semiconductors' AN11590, which is a document for a specific product. The content of the page is focused on providing guidelines for PC board design, including guidelines for PC board design, and does not contain any information about the actual board layout or its physical properties. Therefore, it is not possible to determine which page shows the actual board layout or its physical properties.",OK,
q010__Gold_Masked,q010,Gold Masked,Which page shows the PCB layer stack with board cross section and stack dimensions?,doc003_p009,doc003_p009,,,1,artifacts\occlusion_pages\q010_doc003_p009_gold_mask.png,llama3.2-vision,"You are answering a question about a PCB engineering document page.

Use only the provided page image as evidence.
If the page does not contain enough information, answer exactly:
Not enough evidence.

Question:
Which page shows the PCB layer stack with board cross section and stack dimensions?

Return your answer in this exact format:
Short answer: <one concise answer>
Evidence description: <what visible evidence supports the answer>
Confidence: high / medium / low
",Page 9 of 29.,"The page number is located at the bottom of the page, in the lower left corner.",high,"Short answer: Page 9 of 29.
Evidence description: The page number is located at the bottom of the page, in the lower left corner.
Confidence: high",OK,
q010__Random_Masked,q010,Random Masked,Which page shows the PCB layer stack with board cross section and stack dimensions?,doc003_p009,doc003_p009,,,1,artifacts\occlusion_pages\q010_doc003_p009_random_mask.png,llama3.2-vision,"You are answering a question about a PCB engineering document page.

Use only the provided page image as evidence.
If the page does not contain enough information, answer exactly:
Not enough evidence.

Question:
Which page shows the PCB layer stack with board cross section and stack dimensions?

Return your answer in this exact format:
Short answer: <one concise answer>
Evidence description: <what visible evidence supports the answer>
Confidence: high / medium / low
",Page 9,"The page number is located at the bottom of the page, in the lower left corner.",high,"Short answer: Page 9
Evidence description: The page number is located at the bottom of the page, in the lower left corner.
Confidence: high",OK,
q011__Gold_Evidence,q011,Gold Evidence,Which page contains the populated board and zoomed assembly view for the SOT323 grounded emitter variant?,doc003_p010,doc003_p010,,,1,artifacts\occlusion_pages\q011_doc003_p010_original.png,llama3.2-vision,"You are answering a question about a PCB engineering document page.

Use only the provided page image as evidence.
If the page does not contain enough information, answer exactly:
Not enough evidence.

Question:
Which page contains the populated board and zoomed assembly view for the SOT323 grounded emitter variant?

Return your answer in this exact format:
Short answer: <one concise answer>
Evidence description: <what visible evidence supports the answer>
Confidence: high / medium / low
",UM10772,"The page number ""UM10772"" is located in the top-right corner of the page.",high,"Short answer: UM10772
Evidence description: The page number ""UM10772"" is located in the top-right corner of the page.
Confidence: high",OK,
q011__BM25,q011,BM25,Which page contains the populated board and zoomed assembly view for the SOT323 grounded emitter variant?,doc003_p010,doc003_p029,1,1.0,0,data\images\doc003\doc003_p029.png,llama3.2-vision,"You are answering a question about a PCB engineering document page.

Use only the provided page image as evidence.
If the page does not contain enough information, answer exactly:
Not enough evidence.

Question:
Which page contains the populated board and zoomed assembly view for the SOT323 grounded emitter variant?

Return your answer in this exact format:
Short answer: <one concise answer>
Evidence description: <what visible evidence supports the answer>
Confidence: high / medium / low
",Not enough evidence.,The provided page image does not contain any information about the SOT323 grounded emitter variant or any board or assembly views.,high,"Short answer: Not enough evidence.
Evidence description: The provided page image does not contain any information about the SOT323 grounded emitter variant or any board or assembly views.
Confidence: high

The provided page image appears to be a table of contents or an index page, listing various topics and sections of the document. It does not contain any information about the SOT323 grounded emitter variant or any board or assembly views. Therefore, it is not possible to determine which page contains the populated board and zoomed assembly view for the SOT323 grounded emitter variant based on this page.",OK,
q011__Full_MV,q011,Full MV,Which page contains the populated board and zoomed assembly view for the SOT323 grounded emitter variant?,doc003_p010,doc003_p012,1,1.33726823,0,data\images\doc003\doc003_p012.png,llama3.2-vision,"You are answering a question about a PCB engineering document page.

Use only the provided page image as evidence.
If the page does not contain enough information, answer exactly:
Not enough evidence.

Question:
Which page contains the populated board and zoomed assembly view for the SOT323 grounded emitter variant?

Return your answer in this exact format:
Short answer: <one concise answer>
Evidence description: <what visible evidence supports the answer>
Confidence: high / medium / low
",Page 12 of 29.,"The page number is located at the bottom of the page, in the lower right corner.",high,"Short answer: Page 12 of 29.
Evidence description: The page number is located at the bottom of the page, in the lower right corner.
Confidence: high",OK,
q011__Hybrid_Fusion,q011,Hybrid Fusion,Which page contains the populated board and zoomed assembly view for the SOT323 grounded emitter variant?,doc003_p010,doc003_p029,1,1.0,0,data\images\doc003\doc003_p029.png,llama3.2-vision,"You are answering a question about a PCB engineering document page.

Use only the provided page image as evidence.
If the page does not contain enough information, answer exactly:
Not enough evidence.

Question:
Which page contains the populated board and zoomed assembly view for the SOT323 grounded emitter variant?

Return your answer in this exact format:
Short answer: <one concise answer>
Evidence description: <what visible evidence supports the answer>
Confidence: high / medium / low
",Not enough evidence.,The provided page image does not contain any information about the SOT323 grounded emitter variant or any board or assembly views.,high,"Short answer: Not enough evidence.
Evidence description: The provided page image does not contain any information about the SOT323 grounded emitter variant or any board or assembly views.
Confidence: high

The provided page image appears to be a table of contents or an index page, listing various topics and sections of the document. It does not contain any information about the SOT323 grounded emitter variant or any board or assembly views. Therefore, it is not possible to determine which page contains the populated board and zoomed assembly view for the SOT323 grounded emitter variant based on this page.",OK,
q011__Budgeted_MV,q011,Budgeted MV,Which page contains the populated board and zoomed assembly view for the SOT323 grounded emitter variant?,doc003_p010,doc005_p004,1,0.78521419,0,data\images\doc005\doc005_p004.png,llama3.2-vision,"You are answering a question about a PCB engineering document page.

Use only the provided page image as evidence.
If the page does not contain enough information, answer exactly:
Not enough evidence.

Question:
Which page contains the populated board and zoomed assembly view for the SOT323 grounded emitter variant?

Return your answer in this exact format:
Short answer: <one concise answer>
Evidence description: <what visible evidence supports the answer>
Confidence: high / medium / low
",Page 4,"The page number is located at the bottom of the page, and the title ""Figure 3. NCV7535 Evaluation Board Picture, Top Side"" is also present.",high,"Short answer: Page 4
Evidence description: The page number is located at the bottom of the page, and the title ""Figure 3. NCV7535 Evaluation Board Picture, Top Side"" is also present.
Confidence: high",OK,
q011__Gold_Masked,q011,Gold Masked,Which page contains the populated board and zoomed assembly view for the SOT323 grounded emitter variant?,doc003_p010,doc003_p010,,,1,artifacts\occlusion_pages\q011_doc003_p010_gold_mask.png,llama3.2-vision,"You are answering a question about a PCB engineering document page.

Use only the provided page image as evidence.
If the page does not contain enough information, answer exactly:
Not enough evidence.

Question:
Which page contains the populated board and zoomed assembly view for the SOT323 grounded emitter variant?

Return your answer in this exact format:
Short answer: <one concise answer>
Evidence description: <what visible evidence supports the answer>
Confidence: high / medium / low
",Page 10 of 29.,The page number is located in the bottom right corner of the page.,high.,"Short answer: Page 10 of 29.
Evidence description: The page number is located in the bottom right corner of the page.
Confidence: high.",OK,
q011__Random_Masked,q011,Random Masked,Which page contains the populated board and zoomed assembly view for the SOT323 grounded emitter variant?,doc003_p010,doc003_p010,,,1,artifacts\occlusion_pages\q011_doc003_p010_random_mask.png,llama3.2-vision,"You are answering a question about a PCB engineering document page.

Use only the provided page image as evidence.
If the page does not contain enough information, answer exactly:
Not enough evidence.

Question:
Which page contains the populated board and zoomed assembly view for the SOT323 grounded emitter variant?

Return your answer in this exact format:
Short answer: <one concise answer>
Evidence description: <what visible evidence supports the answer>
Confidence: high / medium / low
",Page 10 of 29.,The page number is located in the bottom right corner of the page.,high.,"Short answer: Page 10 of 29.
Evidence description: The page number is located in the bottom right corner of the page.
Confidence: high.",OK,
q012__Gold_Evidence,q012,Gold Evidence,Which page contains the populated board and zoomed assembly view for the SOT323 emitter degeneration variant?,doc003_p011,doc003_p011,,,1,artifacts\occlusion_pages\q012_doc003_p011_original.png,llama3.2-vision,"You are answering a question about a PCB engineering document page.

Use only the provided page image as evidence.
If the page does not contain enough information, answer exactly:
Not enough evidence.

Question:
Which page contains the populated board and zoomed assembly view for the SOT323 emitter degeneration variant?

Return your answer in this exact format:
Short answer: <one concise answer>
Evidence description: <what visible evidence supports the answer>
Confidence: high / medium / low
",Page 11 of 29.,"The page number is located at the bottom of the page, in the lower right corner.",high.,"Short answer: Page 11 of 29.
Evidence description: The page number is located at the bottom of the page, in the lower right corner.
Confidence: high.",OK,
q012__BM25,q012,BM25,Which page contains the populated board and zoomed assembly view for the SOT323 emitter degeneration variant?,doc003_p011,doc003_p029,1,1.0,0,data\images\doc003\doc003_p029.png,llama3.2-vision,"You are answering a question about a PCB engineering document page.

Use only the provided page image as evidence.
If the page does not contain enough information, answer exactly:
Not enough evidence.

Question:
Which page contains the populated board and zoomed assembly view for the SOT323 emitter degeneration variant?

Return your answer in this exact format:
Short answer: <one concise answer>
Evidence description: <what visible evidence supports the answer>
Confidence: high / medium / low
",Not enough evidence.,The provided page image does not contain any information about the SOT323 emitter degeneration variant or any board or assembly views.,high,"Short answer: Not enough evidence.
Evidence description: The provided page image does not contain any information about the SOT323 emitter degeneration variant or any board or assembly views.
Confidence: high

The provided page image appears to be a table of contents or an index page, listing various topics and sections of the document. It does not contain any information about the SOT323 emitter degeneration variant or any board or assembly views. Therefore, it is not possible to determine which page contains the populated board and zoomed assembly view for the SOT323 emitter degeneration variant based on this page.",OK,
q012__Full_MV,q012,Full MV,Which page contains the populated board and zoomed assembly view for the SOT323 emitter degeneration variant?,doc003_p011,doc005_p004,1,0.80202037,0,data\images\doc005\doc005_p004.png,llama3.2-vision,"You are answering a question about a PCB engineering document page.

Use only the provided page image as evidence.
If the page does not contain enough information, answer exactly:
Not enough evidence.

Question:
Which page contains the populated board and zoomed assembly view for the SOT323 emitter degeneration variant?

Return your answer in this exact format:
Short answer: <one concise answer>
Evidence description: <what visible evidence supports the answer>
Confidence: high / medium / low
",,,,,ERROR,"HTTPConnectionPool(host='localhost', port=11434): Read timed out. (read timeout=180)"
q012__Hybrid_Fusion,q012,Hybrid Fusion,Which page contains the populated board and zoomed assembly view for the SOT323 emitter degeneration variant?,doc003_p011,doc003_p029,1,1.0,0,data\images\doc003\doc003_p029.png,llama3.2-vision,"You are answering a question about a PCB engineering document page.

Use only the provided page image as evidence.
If the page does not contain enough information, answer exactly:
Not enough evidence.

Question:
Which page contains the populated board and zoomed assembly view for the SOT323 emitter degeneration variant?

Return your answer in this exact format:
Short answer: <one concise answer>
Evidence description: <what visible evidence supports the answer>
Confidence: high / medium / low
",Not enough evidence.,The provided page image does not contain any information about the SOT323 emitter degeneration variant or any board or assembly views.,high,"Short answer: Not enough evidence.
Evidence description: The provided page image does not contain any information about the SOT323 emitter degeneration variant or any board or assembly views.
Confidence: high

The provided page image appears to be a table of contents or an index page, listing various topics and sections of the document. It does not contain any information about the SOT323 emitter degeneration variant or any board or assembly views. Therefore, it is not possible to determine which page contains the populated board and zoomed assembly view for the SOT323 emitter degeneration variant.",OK,
q012__Budgeted_MV,q012,Budgeted MV,Which page contains the populated board and zoomed assembly view for the SOT323 emitter degeneration variant?,doc003_p011,doc005_p004,1,0.73604608,0,data\images\doc005\doc005_p004.png,llama3.2-vision,"You are answering a question about a PCB engineering document page.

Use only the provided page image as evidence.
If the page does not contain enough information, answer exactly:
Not enough evidence.

Question:
Which page contains the populated board and zoomed assembly view for the SOT323 emitter degeneration variant?

Return your answer in this exact format:
Short answer: <one concise answer>
Evidence description: <what visible evidence supports the answer>
Confidence: high / medium / low
",Page 4,"The page number is located at the bottom of the page, and the title ""Figure 3. NCV7535 Evaluation Board Picture, Top Side"" is also present.",high,"Short answer: Page 4
Evidence description: The page number is located at the bottom of the page, and the title ""Figure 3. NCV7535 Evaluation Board Picture, Top Side"" is also present.
Confidence: high",OK,
q012__Gold_Masked,q012,Gold Masked,Which page contains the populated board and zoomed assembly view for the SOT323 emitter degeneration variant?,doc003_p011,doc003_p011,,,1,artifacts\occlusion_pages\q012_doc003_p011_gold_mask.png,llama3.2-vision,"You are answering a question about a PCB engineering document page.

Use only the provided page image as evidence.
If the page does not contain enough information, answer exactly:
Not enough evidence.

Question:
Which page contains the populated board and zoomed assembly view for the SOT323 emitter degeneration variant?

Return your answer in this exact format:
Short answer: <one concise answer>
Evidence description: <what visible evidence supports the answer>
Confidence: high / medium / low
",Page 11 of 29.,The page number is located in the bottom right corner of the page.,high,"Short answer: Page 11 of 29.
Evidence description: The page number is located in the bottom right corner of the page.
Confidence: high",OK,
q012__Random_Masked,q012,Random Masked,Which page contains the populated board and zoomed assembly view for the SOT323 emitter degeneration variant?,doc003_p011,doc003_p011,,,1,artifacts\occlusion_pages\q012_doc003_p011_random_mask.png,llama3.2-vision,"You are answering a question about a PCB engineering document page.

Use only the provided page image as evidence.
If the page does not contain enough information, answer exactly:
Not enough evidence.

Question:
Which page contains the populated board and zoomed assembly view for the SOT323 emitter degeneration variant?

Return your answer in this exact format:
Short answer: <one concise answer>
Evidence description: <what visible evidence supports the answer>
Confidence: high / medium / low
",Page 11 of 29.,The page number is located in the bottom right corner of the page.,high.,"Short answer: Page 11 of 29.
Evidence description: The page number is located in the bottom right corner of the page.
Confidence: high.",OK,
