query_id,page_id,score,run_name,compression,query_file,page_file
q001,doc003_p004,0.6132166981697083,w6_N10_M24_ivf_pq,IVF+PQ,artifacts\embeddings\full_multivector\queries\q001.npy,artifacts\embeddings\joint_compression\pages_M24_ivf_pq\doc003_p004.npy
q001,doc001_p004,0.5639963746070862,w6_N10_M24_ivf_pq,IVF+PQ,artifacts\embeddings\full_multivector\queries\q001.npy,artifacts\embeddings\joint_compression\pages_M24_ivf_pq\doc001_p004.npy
q001,doc006_p008,0.8592396974563599,w6_N10_M24_ivf_pq,IVF+PQ,artifacts\embeddings\full_multivector\queries\q001.npy,artifacts\embeddings\joint_compression\pages_M24_ivf_pq\doc006_p008.npy
q001,doc008_p001,0.5102834105491638,w6_N10_M24_ivf_pq,IVF+PQ,artifacts\embeddings\full_multivector\queries\q001.npy,artifacts\embeddings\joint_compression\pages_M24_ivf_pq\doc008_p001.npy
q001,doc001_p003,-0.2281939834356308,w6_N10_M24_ivf_pq,IVF+PQ,artifacts\embeddings\full_multivector\queries\q001.npy,artifacts\embeddings\joint_compression\pages_M24_ivf_pq\doc001_p003.npy
q001,doc001_p001,0.1054864227771759,w6_N10_M24_ivf_pq,IVF+PQ,artifacts\embeddings\full_multivector\queries\q001.npy,artifacts\embeddings\joint_compression\pages_M24_ivf_pq\doc001_p001.npy
q001,doc009_p001,-0.31200364232063293,w6_N10_M24_ivf_pq,IVF+PQ,artifacts\embeddings\full_multivector\queries\q001.npy,artifacts\embeddings\joint_compression\pages_M24_ivf_pq\doc009_p001.npy
q001,doc006_p019,0.7147471904754639,w6_N10_M24_ivf_pq,IVF+PQ,artifacts\embeddings\full_multivector\queries\q001.npy,artifacts\embeddings\joint_compression\pages_M24_ivf_pq\doc006_p019.npy
q001,doc008_p002,-0.31491562724113464,w6_N10_M24_ivf_pq,IVF+PQ,artifacts\embeddings\full_multivector\queries\q001.npy,artifacts\embeddings\joint_compression\pages_M24_ivf_pq\doc008_p002.npy
q001,doc006_p027,0.7205449342727661,w6_N10_M24_ivf_pq,IVF+PQ,artifacts\embeddings\full_multivector\queries\q001.npy,artifacts\embeddings\joint_compression\pages_M24_ivf_pq\doc006_p027.npy
q002,doc006_p010,-0.4746421277523041,w6_N10_M24_ivf_pq,IVF+PQ,artifacts\embeddings\full_multivector\queries\q002.npy,artifacts\embeddings\joint_compression\pages_M24_ivf_pq\doc006_p010.npy
q002,doc004_p009,-0.5891068577766418,w6_N10_M24_ivf_pq,IVF+PQ,artifacts\embeddings\full_multivector\queries\q002.npy,artifacts\embeddings\joint_compression\pages_M24_ivf_pq\doc004_p009.npy
q002,doc004_p010,-0.3134899437427521,w6_N10_M24_ivf_pq,IVF+PQ,artifacts\embeddings\full_multivector\queries\q002.npy,artifacts\embeddings\joint_compression\pages_M24_ivf_pq\doc004_p010.npy
q002,doc006_p020,-0.5766628384590149,w6_N10_M24_ivf_pq,IVF+PQ,artifacts\embeddings\full_multivector\queries\q002.npy,artifacts\embeddings\joint_compression\pages_M24_ivf_pq\doc006_p020.npy
q002,doc006_p013,-0.2828678488731384,w6_N10_M24_ivf_pq,IVF+PQ,artifacts\embeddings\full_multivector\queries\q002.npy,artifacts\embeddings\joint_compression\pages_M24_ivf_pq\doc006_p013.npy
q002,doc006_p012,-0.4880761504173279,w6_N10_M24_ivf_pq,IVF+PQ,artifacts\embeddings\full_multivector\queries\q002.npy,artifacts\embeddings\joint_compression\pages_M24_ivf_pq\doc006_p012.npy
q002,doc007_p001,-0.9849165081977844,w6_N10_M24_ivf_pq,IVF+PQ,artifacts\embeddings\full_multivector\queries\q002.npy,artifacts\embeddings\joint_compression\pages_M24_ivf_pq\doc007_p001.npy
q002,doc006_p021,-0.5193637609481812,w6_N10_M24_ivf_pq,IVF+PQ,artifacts\embeddings\full_multivector\queries\q002.npy,artifacts\embeddings\joint_compression\pages_M24_ivf_pq\doc006_p021.npy
q002,doc003_p022,-0.6352657079696655,w6_N10_M24_ivf_pq,IVF+PQ,artifacts\embeddings\full_multivector\queries\q002.npy,artifacts\embeddings\joint_compression\pages_M24_ivf_pq\doc003_p022.npy
q002,doc001_p002,-0.5892776250839233,w6_N10_M24_ivf_pq,IVF+PQ,artifacts\embeddings\full_multivector\queries\q002.npy,artifacts\embeddings\joint_compression\pages_M24_ivf_pq\doc001_p002.npy
q003,doc006_p010,-0.6371477246284485,w6_N10_M24_ivf_pq,IVF+PQ,artifacts\embeddings\full_multivector\queries\q003.npy,artifacts\embeddings\joint_compression\pages_M24_ivf_pq\doc006_p010.npy
q003,doc007_p001,-1.1188342571258545,w6_N10_M24_ivf_pq,IVF+PQ,artifacts\embeddings\full_multivector\queries\q003.npy,artifacts\embeddings\joint_compression\pages_M24_ivf_pq\doc007_p001.npy
q003,doc006_p009,-0.7219112515449524,w6_N10_M24_ivf_pq,IVF+PQ,artifacts\embeddings\full_multivector\queries\q003.npy,artifacts\embeddings\joint_compression\pages_M24_ivf_pq\doc006_p009.npy
q003,doc006_p007,-0.6548277735710144,w6_N10_M24_ivf_pq,IVF+PQ,artifacts\embeddings\full_multivector\queries\q003.npy,artifacts\embeddings\joint_compression\pages_M24_ivf_pq\doc006_p007.npy
q003,doc001_p004,-0.6382052302360535,w6_N10_M24_ivf_pq,IVF+PQ,artifacts\embeddings\full_multivector\queries\q003.npy,artifacts\embeddings\joint_compression\pages_M24_ivf_pq\doc001_p004.npy
q003,doc003_p013,-0.5946286916732788,w6_N10_M24_ivf_pq,IVF+PQ,artifacts\embeddings\full_multivector\queries\q003.npy,artifacts\embeddings\joint_compression\pages_M24_ivf_pq\doc003_p013.npy
q003,doc004_p007,-0.5366313457489014,w6_N10_M24_ivf_pq,IVF+PQ,artifacts\embeddings\full_multivector\queries\q003.npy,artifacts\embeddings\joint_compression\pages_M24_ivf_pq\doc004_p007.npy
q003,doc006_p024,-0.6378247737884521,w6_N10_M24_ivf_pq,IVF+PQ,artifacts\embeddings\full_multivector\queries\q003.npy,artifacts\embeddings\joint_compression\pages_M24_ivf_pq\doc006_p024.npy
q003,doc006_p008,-0.45201218128204346,w6_N10_M24_ivf_pq,IVF+PQ,artifacts\embeddings\full_multivector\queries\q003.npy,artifacts\embeddings\joint_compression\pages_M24_ivf_pq\doc006_p008.npy
q003,doc001_p003,-1.1542617082595825,w6_N10_M24_ivf_pq,IVF+PQ,artifacts\embeddings\full_multivector\queries\q003.npy,artifacts\embeddings\joint_compression\pages_M24_ivf_pq\doc001_p003.npy
q004,doc006_p013,0.49221092462539673,w6_N10_M24_ivf_pq,IVF+PQ,artifacts\embeddings\full_multivector\queries\q004.npy,artifacts\embeddings\joint_compression\pages_M24_ivf_pq\doc006_p013.npy
q004,doc010_p001,-0.4262200593948364,w6_N10_M24_ivf_pq,IVF+PQ,artifacts\embeddings\full_multivector\queries\q004.npy,artifacts\embeddings\joint_compression\pages_M24_ivf_pq\doc010_p001.npy
q004,doc007_p001,-0.43214523792266846,w6_N10_M24_ivf_pq,IVF+PQ,artifacts\embeddings\full_multivector\queries\q004.npy,artifacts\embeddings\joint_compression\pages_M24_ivf_pq\doc007_p001.npy
q004,doc003_p009,0.07691426575183868,w6_N10_M24_ivf_pq,IVF+PQ,artifacts\embeddings\full_multivector\queries\q004.npy,artifacts\embeddings\joint_compression\pages_M24_ivf_pq\doc003_p009.npy
q004,doc006_p021,0.2689133286476135,w6_N10_M24_ivf_pq,IVF+PQ,artifacts\embeddings\full_multivector\queries\q004.npy,artifacts\embeddings\joint_compression\pages_M24_ivf_pq\doc006_p021.npy
q004,doc001_p004,0.2228909134864807,w6_N10_M24_ivf_pq,IVF+PQ,artifacts\embeddings\full_multivector\queries\q004.npy,artifacts\embeddings\joint_compression\pages_M24_ivf_pq\doc001_p004.npy
q004,doc001_p002,0.16112056374549866,w6_N10_M24_ivf_pq,IVF+PQ,artifacts\embeddings\full_multivector\queries\q004.npy,artifacts\embeddings\joint_compression\pages_M24_ivf_pq\doc001_p002.npy
q004,doc001_p003,-0.38080766797065735,w6_N10_M24_ivf_pq,IVF+PQ,artifacts\embeddings\full_multivector\queries\q004.npy,artifacts\embeddings\joint_compression\pages_M24_ivf_pq\doc001_p003.npy
q004,doc007_p002,0.25844529271125793,w6_N10_M24_ivf_pq,IVF+PQ,artifacts\embeddings\full_multivector\queries\q004.npy,artifacts\embeddings\joint_compression\pages_M24_ivf_pq\doc007_p002.npy
q004,doc006_p020,0.14081129431724548,w6_N10_M24_ivf_pq,IVF+PQ,artifacts\embeddings\full_multivector\queries\q004.npy,artifacts\embeddings\joint_compression\pages_M24_ivf_pq\doc006_p020.npy
q005,doc004_p012,-0.3136008679866791,w6_N10_M24_ivf_pq,IVF+PQ,artifacts\embeddings\full_multivector\queries\q005.npy,artifacts\embeddings\joint_compression\pages_M24_ivf_pq\doc004_p012.npy
q005,doc006_p012,-0.1904194951057434,w6_N10_M24_ivf_pq,IVF+PQ,artifacts\embeddings\full_multivector\queries\q005.npy,artifacts\embeddings\joint_compression\pages_M24_ivf_pq\doc006_p012.npy
q005,doc006_p010,-0.13926956057548523,w6_N10_M24_ivf_pq,IVF+PQ,artifacts\embeddings\full_multivector\queries\q005.npy,artifacts\embeddings\joint_compression\pages_M24_ivf_pq\doc006_p010.npy
q005,doc005_p002,-0.5356248617172241,w6_N10_M24_ivf_pq,IVF+PQ,artifacts\embeddings\full_multivector\queries\q005.npy,artifacts\embeddings\joint_compression\pages_M24_ivf_pq\doc005_p002.npy
q005,doc005_p008,-0.6366533637046814,w6_N10_M24_ivf_pq,IVF+PQ,artifacts\embeddings\full_multivector\queries\q005.npy,artifacts\embeddings\joint_compression\pages_M24_ivf_pq\doc005_p008.npy
q005,doc004_p006,-0.058996234089136124,w6_N10_M24_ivf_pq,IVF+PQ,artifacts\embeddings\full_multivector\queries\q005.npy,artifacts\embeddings\joint_compression\pages_M24_ivf_pq\doc004_p006.npy
q005,doc003_p024,-0.20363396406173706,w6_N10_M24_ivf_pq,IVF+PQ,artifacts\embeddings\full_multivector\queries\q005.npy,artifacts\embeddings\joint_compression\pages_M24_ivf_pq\doc003_p024.npy
q005,doc006_p021,-0.18421579897403717,w6_N10_M24_ivf_pq,IVF+PQ,artifacts\embeddings\full_multivector\queries\q005.npy,artifacts\embeddings\joint_compression\pages_M24_ivf_pq\doc006_p021.npy
q005,doc004_p011,-0.18110990524291992,w6_N10_M24_ivf_pq,IVF+PQ,artifacts\embeddings\full_multivector\queries\q005.npy,artifacts\embeddings\joint_compression\pages_M24_ivf_pq\doc004_p011.npy
q005,doc003_p009,-0.34417134523391724,w6_N10_M24_ivf_pq,IVF+PQ,artifacts\embeddings\full_multivector\queries\q005.npy,artifacts\embeddings\joint_compression\pages_M24_ivf_pq\doc003_p009.npy
q006,doc006_p010,-0.22882123291492462,w6_N10_M24_ivf_pq,IVF+PQ,artifacts\embeddings\full_multivector\queries\q006.npy,artifacts\embeddings\joint_compression\pages_M24_ivf_pq\doc006_p010.npy
q006,doc001_p004,-0.23517294228076935,w6_N10_M24_ivf_pq,IVF+PQ,artifacts\embeddings\full_multivector\queries\q006.npy,artifacts\embeddings\joint_compression\pages_M24_ivf_pq\doc001_p004.npy
q006,doc007_p001,-0.8587917685508728,w6_N10_M24_ivf_pq,IVF+PQ,artifacts\embeddings\full_multivector\queries\q006.npy,artifacts\embeddings\joint_compression\pages_M24_ivf_pq\doc007_p001.npy
q006,doc005_p002,-0.7544811367988586,w6_N10_M24_ivf_pq,IVF+PQ,artifacts\embeddings\full_multivector\queries\q006.npy,artifacts\embeddings\joint_compression\pages_M24_ivf_pq\doc005_p002.npy
q006,doc006_p019,-0.16911070048809052,w6_N10_M24_ivf_pq,IVF+PQ,artifacts\embeddings\full_multivector\queries\q006.npy,artifacts\embeddings\joint_compression\pages_M24_ivf_pq\doc006_p019.npy
q006,doc001_p003,-0.9574910998344421,w6_N10_M24_ivf_pq,IVF+PQ,artifacts\embeddings\full_multivector\queries\q006.npy,artifacts\embeddings\joint_compression\pages_M24_ivf_pq\doc001_p003.npy
q006,doc006_p013,0.09205920994281769,w6_N10_M24_ivf_pq,IVF+PQ,artifacts\embeddings\full_multivector\queries\q006.npy,artifacts\embeddings\joint_compression\pages_M24_ivf_pq\doc006_p013.npy
q006,doc004_p011,-0.19067640602588654,w6_N10_M24_ivf_pq,IVF+PQ,artifacts\embeddings\full_multivector\queries\q006.npy,artifacts\embeddings\joint_compression\pages_M24_ivf_pq\doc004_p011.npy
q006,doc006_p024,-0.16851122677326202,w6_N10_M24_ivf_pq,IVF+PQ,artifacts\embeddings\full_multivector\queries\q006.npy,artifacts\embeddings\joint_compression\pages_M24_ivf_pq\doc006_p024.npy
q006,doc004_p012,-0.345317006111145,w6_N10_M24_ivf_pq,IVF+PQ,artifacts\embeddings\full_multivector\queries\q006.npy,artifacts\embeddings\joint_compression\pages_M24_ivf_pq\doc004_p012.npy
q007,doc003_p004,-0.1537117063999176,w6_N10_M24_ivf_pq,IVF+PQ,artifacts\embeddings\full_multivector\queries\q007.npy,artifacts\embeddings\joint_compression\pages_M24_ivf_pq\doc003_p004.npy
q007,doc006_p019,-0.02482563629746437,w6_N10_M24_ivf_pq,IVF+PQ,artifacts\embeddings\full_multivector\queries\q007.npy,artifacts\embeddings\joint_compression\pages_M24_ivf_pq\doc006_p019.npy
q007,doc003_p029,-0.7471203804016113,w6_N10_M24_ivf_pq,IVF+PQ,artifacts\embeddings\full_multivector\queries\q007.npy,artifacts\embeddings\joint_compression\pages_M24_ivf_pq\doc003_p029.npy
q007,doc003_p021,0.14421851933002472,w6_N10_M24_ivf_pq,IVF+PQ,artifacts\embeddings\full_multivector\queries\q007.npy,artifacts\embeddings\joint_compression\pages_M24_ivf_pq\doc003_p021.npy
q007,doc001_p004,-0.14981809258460999,w6_N10_M24_ivf_pq,IVF+PQ,artifacts\embeddings\full_multivector\queries\q007.npy,artifacts\embeddings\joint_compression\pages_M24_ivf_pq\doc001_p004.npy
q007,doc007_p001,-0.5931145548820496,w6_N10_M24_ivf_pq,IVF+PQ,artifacts\embeddings\full_multivector\queries\q007.npy,artifacts\embeddings\joint_compression\pages_M24_ivf_pq\doc007_p001.npy
q007,doc006_p009,-0.20622533559799194,w6_N10_M24_ivf_pq,IVF+PQ,artifacts\embeddings\full_multivector\queries\q007.npy,artifacts\embeddings\joint_compression\pages_M24_ivf_pq\doc006_p009.npy
q007,doc008_p002,-0.807574987411499,w6_N10_M24_ivf_pq,IVF+PQ,artifacts\embeddings\full_multivector\queries\q007.npy,artifacts\embeddings\joint_compression\pages_M24_ivf_pq\doc008_p002.npy
q007,doc006_p010,-0.06389728933572769,w6_N10_M24_ivf_pq,IVF+PQ,artifacts\embeddings\full_multivector\queries\q007.npy,artifacts\embeddings\joint_compression\pages_M24_ivf_pq\doc006_p010.npy
q007,doc006_p008,0.10508622974157333,w6_N10_M24_ivf_pq,IVF+PQ,artifacts\embeddings\full_multivector\queries\q007.npy,artifacts\embeddings\joint_compression\pages_M24_ivf_pq\doc006_p008.npy
q008,doc006_p012,0.19281744956970215,w6_N10_M24_ivf_pq,IVF+PQ,artifacts\embeddings\full_multivector\queries\q008.npy,artifacts\embeddings\joint_compression\pages_M24_ivf_pq\doc006_p012.npy
q008,doc003_p022,-0.30280667543411255,w6_N10_M24_ivf_pq,IVF+PQ,artifacts\embeddings\full_multivector\queries\q008.npy,artifacts\embeddings\joint_compression\pages_M24_ivf_pq\doc003_p022.npy
q008,doc003_p024,0.09109270572662354,w6_N10_M24_ivf_pq,IVF+PQ,artifacts\embeddings\full_multivector\queries\q008.npy,artifacts\embeddings\joint_compression\pages_M24_ivf_pq\doc003_p024.npy
q008,doc003_p027,0.0016963407397270203,w6_N10_M24_ivf_pq,IVF+PQ,artifacts\embeddings\full_multivector\queries\q008.npy,artifacts\embeddings\joint_compression\pages_M24_ivf_pq\doc003_p027.npy
q008,doc004_p013,0.04529692232608795,w6_N10_M24_ivf_pq,IVF+PQ,artifacts\embeddings\full_multivector\queries\q008.npy,artifacts\embeddings\joint_compression\pages_M24_ivf_pq\doc004_p013.npy
q008,doc003_p025,0.3601227104663849,w6_N10_M24_ivf_pq,IVF+PQ,artifacts\embeddings\full_multivector\queries\q008.npy,artifacts\embeddings\joint_compression\pages_M24_ivf_pq\doc003_p025.npy
q008,doc003_p023,0.054183244705200195,w6_N10_M24_ivf_pq,IVF+PQ,artifacts\embeddings\full_multivector\queries\q008.npy,artifacts\embeddings\joint_compression\pages_M24_ivf_pq\doc003_p023.npy
q008,doc006_p010,0.17715778946876526,w6_N10_M24_ivf_pq,IVF+PQ,artifacts\embeddings\full_multivector\queries\q008.npy,artifacts\embeddings\joint_compression\pages_M24_ivf_pq\doc006_p010.npy
q008,doc006_p021,0.18952929973602295,w6_N10_M24_ivf_pq,IVF+PQ,artifacts\embeddings\full_multivector\queries\q008.npy,artifacts\embeddings\joint_compression\pages_M24_ivf_pq\doc006_p021.npy
q008,doc004_p006,0.35917040705680847,w6_N10_M24_ivf_pq,IVF+PQ,artifacts\embeddings\full_multivector\queries\q008.npy,artifacts\embeddings\joint_compression\pages_M24_ivf_pq\doc004_p006.npy
q009,doc006_p012,0.25806066393852234,w6_N10_M24_ivf_pq,IVF+PQ,artifacts\embeddings\full_multivector\queries\q009.npy,artifacts\embeddings\joint_compression\pages_M24_ivf_pq\doc006_p012.npy
q009,doc003_p022,-0.2904660701751709,w6_N10_M24_ivf_pq,IVF+PQ,artifacts\embeddings\full_multivector\queries\q009.npy,artifacts\embeddings\joint_compression\pages_M24_ivf_pq\doc003_p022.npy
q009,doc003_p027,0.03576364740729332,w6_N10_M24_ivf_pq,IVF+PQ,artifacts\embeddings\full_multivector\queries\q009.npy,artifacts\embeddings\joint_compression\pages_M24_ivf_pq\doc003_p027.npy
q009,doc004_p013,0.0700375884771347,w6_N10_M24_ivf_pq,IVF+PQ,artifacts\embeddings\full_multivector\queries\q009.npy,artifacts\embeddings\joint_compression\pages_M24_ivf_pq\doc004_p013.npy
q009,doc003_p024,0.13745355606079102,w6_N10_M24_ivf_pq,IVF+PQ,artifacts\embeddings\full_multivector\queries\q009.npy,artifacts\embeddings\joint_compression\pages_M24_ivf_pq\doc003_p024.npy
q009,doc004_p006,0.41250038146972656,w6_N10_M24_ivf_pq,IVF+PQ,artifacts\embeddings\full_multivector\queries\q009.npy,artifacts\embeddings\joint_compression\pages_M24_ivf_pq\doc004_p006.npy
q009,doc003_p025,0.42093756794929504,w6_N10_M24_ivf_pq,IVF+PQ,artifacts\embeddings\full_multivector\queries\q009.npy,artifacts\embeddings\joint_compression\pages_M24_ivf_pq\doc003_p025.npy
q009,doc006_p010,0.23519179224967957,w6_N10_M24_ivf_pq,IVF+PQ,artifacts\embeddings\full_multivector\queries\q009.npy,artifacts\embeddings\joint_compression\pages_M24_ivf_pq\doc006_p010.npy
q009,doc003_p023,0.0860670804977417,w6_N10_M24_ivf_pq,IVF+PQ,artifacts\embeddings\full_multivector\queries\q009.npy,artifacts\embeddings\joint_compression\pages_M24_ivf_pq\doc003_p023.npy
q009,doc005_p008,-0.7005215287208557,w6_N10_M24_ivf_pq,IVF+PQ,artifacts\embeddings\full_multivector\queries\q009.npy,artifacts\embeddings\joint_compression\pages_M24_ivf_pq\doc005_p008.npy
q010,doc005_p008,-0.665995717048645,w6_N10_M24_ivf_pq,IVF+PQ,artifacts\embeddings\full_multivector\queries\q010.npy,artifacts\embeddings\joint_compression\pages_M24_ivf_pq\doc005_p008.npy
q010,doc003_p010,0.006709106266498566,w6_N10_M24_ivf_pq,IVF+PQ,artifacts\embeddings\full_multivector\queries\q010.npy,artifacts\embeddings\joint_compression\pages_M24_ivf_pq\doc003_p010.npy
q010,doc004_p012,0.054207637906074524,w6_N10_M24_ivf_pq,IVF+PQ,artifacts\embeddings\full_multivector\queries\q010.npy,artifacts\embeddings\joint_compression\pages_M24_ivf_pq\doc004_p012.npy
q010,doc006_p020,0.11374901235103607,w6_N10_M24_ivf_pq,IVF+PQ,artifacts\embeddings\full_multivector\queries\q010.npy,artifacts\embeddings\joint_compression\pages_M24_ivf_pq\doc006_p020.npy
q010,doc006_p021,0.2142438441514969,w6_N10_M24_ivf_pq,IVF+PQ,artifacts\embeddings\full_multivector\queries\q010.npy,artifacts\embeddings\joint_compression\pages_M24_ivf_pq\doc006_p021.npy
q010,doc004_p018,-0.34465718269348145,w6_N10_M24_ivf_pq,IVF+PQ,artifacts\embeddings\full_multivector\queries\q010.npy,artifacts\embeddings\joint_compression\pages_M24_ivf_pq\doc004_p018.npy
q010,doc003_p011,0.04636663571000099,w6_N10_M24_ivf_pq,IVF+PQ,artifacts\embeddings\full_multivector\queries\q010.npy,artifacts\embeddings\joint_compression\pages_M24_ivf_pq\doc003_p011.npy
q010,doc006_p024,0.19979918003082275,w6_N10_M24_ivf_pq,IVF+PQ,artifacts\embeddings\full_multivector\queries\q010.npy,artifacts\embeddings\joint_compression\pages_M24_ivf_pq\doc006_p024.npy
q010,doc003_p013,0.1973058581352234,w6_N10_M24_ivf_pq,IVF+PQ,artifacts\embeddings\full_multivector\queries\q010.npy,artifacts\embeddings\joint_compression\pages_M24_ivf_pq\doc003_p013.npy
q010,doc005_p002,-0.31371912360191345,w6_N10_M24_ivf_pq,IVF+PQ,artifacts\embeddings\full_multivector\queries\q010.npy,artifacts\embeddings\joint_compression\pages_M24_ivf_pq\doc005_p002.npy
q011,doc006_p025,0.11199421435594559,w6_N10_M24_ivf_pq,IVF+PQ,artifacts\embeddings\full_multivector\queries\q011.npy,artifacts\embeddings\joint_compression\pages_M24_ivf_pq\doc006_p025.npy
q011,doc006_p021,0.12821191549301147,w6_N10_M24_ivf_pq,IVF+PQ,artifacts\embeddings\full_multivector\queries\q011.npy,artifacts\embeddings\joint_compression\pages_M24_ivf_pq\doc006_p021.npy
q011,doc005_p004,0.06592367589473724,w6_N10_M24_ivf_pq,IVF+PQ,artifacts\embeddings\full_multivector\queries\q011.npy,artifacts\embeddings\joint_compression\pages_M24_ivf_pq\doc005_p004.npy
q011,doc005_p005,-0.20539936423301697,w6_N10_M24_ivf_pq,IVF+PQ,artifacts\embeddings\full_multivector\queries\q011.npy,artifacts\embeddings\joint_compression\pages_M24_ivf_pq\doc005_p005.npy
q011,doc006_p022,0.14833170175552368,w6_N10_M24_ivf_pq,IVF+PQ,artifacts\embeddings\full_multivector\queries\q011.npy,artifacts\embeddings\joint_compression\pages_M24_ivf_pq\doc006_p022.npy
q011,doc006_p020,0.019315272569656372,w6_N10_M24_ivf_pq,IVF+PQ,artifacts\embeddings\full_multivector\queries\q011.npy,artifacts\embeddings\joint_compression\pages_M24_ivf_pq\doc006_p020.npy
q011,doc006_p010,0.14265960454940796,w6_N10_M24_ivf_pq,IVF+PQ,artifacts\embeddings\full_multivector\queries\q011.npy,artifacts\embeddings\joint_compression\pages_M24_ivf_pq\doc006_p010.npy
q011,doc005_p008,-0.8954455852508545,w6_N10_M24_ivf_pq,IVF+PQ,artifacts\embeddings\full_multivector\queries\q011.npy,artifacts\embeddings\joint_compression\pages_M24_ivf_pq\doc005_p008.npy
q011,doc001_p003,-0.8355708122253418,w6_N10_M24_ivf_pq,IVF+PQ,artifacts\embeddings\full_multivector\queries\q011.npy,artifacts\embeddings\joint_compression\pages_M24_ivf_pq\doc001_p003.npy
q011,doc006_p012,0.18641206622123718,w6_N10_M24_ivf_pq,IVF+PQ,artifacts\embeddings\full_multivector\queries\q011.npy,artifacts\embeddings\joint_compression\pages_M24_ivf_pq\doc006_p012.npy
q012,doc006_p025,0.0268428772687912,w6_N10_M24_ivf_pq,IVF+PQ,artifacts\embeddings\full_multivector\queries\q012.npy,artifacts\embeddings\joint_compression\pages_M24_ivf_pq\doc006_p025.npy
q012,doc006_p021,0.03706097602844238,w6_N10_M24_ivf_pq,IVF+PQ,artifacts\embeddings\full_multivector\queries\q012.npy,artifacts\embeddings\joint_compression\pages_M24_ivf_pq\doc006_p021.npy
q012,doc005_p004,-0.021833430975675583,w6_N10_M24_ivf_pq,IVF+PQ,artifacts\embeddings\full_multivector\queries\q012.npy,artifacts\embeddings\joint_compression\pages_M24_ivf_pq\doc005_p004.npy
q012,doc006_p010,0.05368529260158539,w6_N10_M24_ivf_pq,IVF+PQ,artifacts\embeddings\full_multivector\queries\q012.npy,artifacts\embeddings\joint_compression\pages_M24_ivf_pq\doc006_p010.npy
q012,doc005_p005,-0.28632494807243347,w6_N10_M24_ivf_pq,IVF+PQ,artifacts\embeddings\full_multivector\queries\q012.npy,artifacts\embeddings\joint_compression\pages_M24_ivf_pq\doc005_p005.npy
q012,doc004_p018,-0.5575557947158813,w6_N10_M24_ivf_pq,IVF+PQ,artifacts\embeddings\full_multivector\queries\q012.npy,artifacts\embeddings\joint_compression\pages_M24_ivf_pq\doc004_p018.npy
q012,doc005_p008,-0.9823344945907593,w6_N10_M24_ivf_pq,IVF+PQ,artifacts\embeddings\full_multivector\queries\q012.npy,artifacts\embeddings\joint_compression\pages_M24_ivf_pq\doc005_p008.npy
q012,doc006_p020,-0.08430134505033493,w6_N10_M24_ivf_pq,IVF+PQ,artifacts\embeddings\full_multivector\queries\q012.npy,artifacts\embeddings\joint_compression\pages_M24_ivf_pq\doc006_p020.npy
q012,doc006_p022,0.06045456975698471,w6_N10_M24_ivf_pq,IVF+PQ,artifacts\embeddings\full_multivector\queries\q012.npy,artifacts\embeddings\joint_compression\pages_M24_ivf_pq\doc006_p022.npy
q012,doc006_p012,0.11664644628763199,w6_N10_M24_ivf_pq,IVF+PQ,artifacts\embeddings\full_multivector\queries\q012.npy,artifacts\embeddings\joint_compression\pages_M24_ivf_pq\doc006_p012.npy
q013,doc006_p021,-0.005519617348909378,w6_N10_M24_ivf_pq,IVF+PQ,artifacts\embeddings\full_multivector\queries\q013.npy,artifacts\embeddings\joint_compression\pages_M24_ivf_pq\doc006_p021.npy
q013,doc006_p020,-0.07575013488531113,w6_N10_M24_ivf_pq,IVF+PQ,artifacts\embeddings\full_multivector\queries\q013.npy,artifacts\embeddings\joint_compression\pages_M24_ivf_pq\doc006_p020.npy
q013,doc005_p004,-0.08487066626548767,w6_N10_M24_ivf_pq,IVF+PQ,artifacts\embeddings\full_multivector\queries\q013.npy,artifacts\embeddings\joint_compression\pages_M24_ivf_pq\doc005_p004.npy
q013,doc006_p022,-0.012452259659767151,w6_N10_M24_ivf_pq,IVF+PQ,artifacts\embeddings\full_multivector\queries\q013.npy,artifacts\embeddings\joint_compression\pages_M24_ivf_pq\doc006_p022.npy
q013,doc006_p025,-0.07088501006364822,w6_N10_M24_ivf_pq,IVF+PQ,artifacts\embeddings\full_multivector\queries\q013.npy,artifacts\embeddings\joint_compression\pages_M24_ivf_pq\doc006_p025.npy
q013,doc007_p001,-0.5220203399658203,w6_N10_M24_ivf_pq,IVF+PQ,artifacts\embeddings\full_multivector\queries\q013.npy,artifacts\embeddings\joint_compression\pages_M24_ivf_pq\doc007_p001.npy
q013,doc006_p012,-0.0008859336376190186,w6_N10_M24_ivf_pq,IVF+PQ,artifacts\embeddings\full_multivector\queries\q013.npy,artifacts\embeddings\joint_compression\pages_M24_ivf_pq\doc006_p012.npy
q013,doc010_p002,-0.0768045037984848,w6_N10_M24_ivf_pq,IVF+PQ,artifacts\embeddings\full_multivector\queries\q013.npy,artifacts\embeddings\joint_compression\pages_M24_ivf_pq\doc010_p002.npy
q013,doc006_p024,-0.04598655924201012,w6_N10_M24_ivf_pq,IVF+PQ,artifacts\embeddings\full_multivector\queries\q013.npy,artifacts\embeddings\joint_compression\pages_M24_ivf_pq\doc006_p024.npy
q013,doc007_p002,-0.05559294670820236,w6_N10_M24_ivf_pq,IVF+PQ,artifacts\embeddings\full_multivector\queries\q013.npy,artifacts\embeddings\joint_compression\pages_M24_ivf_pq\doc007_p002.npy
q014,doc006_p020,-0.288627564907074,w6_N10_M24_ivf_pq,IVF+PQ,artifacts\embeddings\full_multivector\queries\q014.npy,artifacts\embeddings\joint_compression\pages_M24_ivf_pq\doc006_p020.npy
q014,doc006_p010,-0.22843573987483978,w6_N10_M24_ivf_pq,IVF+PQ,artifacts\embeddings\full_multivector\queries\q014.npy,artifacts\embeddings\joint_compression\pages_M24_ivf_pq\doc006_p010.npy
q014,doc006_p012,-0.18658877909183502,w6_N10_M24_ivf_pq,IVF+PQ,artifacts\embeddings\full_multivector\queries\q014.npy,artifacts\embeddings\joint_compression\pages_M24_ivf_pq\doc006_p012.npy
q014,doc006_p021,-0.2038755565881729,w6_N10_M24_ivf_pq,IVF+PQ,artifacts\embeddings\full_multivector\queries\q014.npy,artifacts\embeddings\joint_compression\pages_M24_ivf_pq\doc006_p021.npy
q014,doc007_p001,-0.7830508351325989,w6_N10_M24_ivf_pq,IVF+PQ,artifacts\embeddings\full_multivector\queries\q014.npy,artifacts\embeddings\joint_compression\pages_M24_ivf_pq\doc007_p001.npy
q014,doc001_p003,-0.9029285907745361,w6_N10_M24_ivf_pq,IVF+PQ,artifacts\embeddings\full_multivector\queries\q014.npy,artifacts\embeddings\joint_compression\pages_M24_ivf_pq\doc001_p003.npy
q014,doc002_p001,-0.9680266976356506,w6_N10_M24_ivf_pq,IVF+PQ,artifacts\embeddings\full_multivector\queries\q014.npy,artifacts\embeddings\joint_compression\pages_M24_ivf_pq\doc002_p001.npy
q014,doc006_p023,-0.23682205379009247,w6_N10_M24_ivf_pq,IVF+PQ,artifacts\embeddings\full_multivector\queries\q014.npy,artifacts\embeddings\joint_compression\pages_M24_ivf_pq\doc006_p023.npy
q014,doc010_p002,-0.27117031812667847,w6_N10_M24_ivf_pq,IVF+PQ,artifacts\embeddings\full_multivector\queries\q014.npy,artifacts\embeddings\joint_compression\pages_M24_ivf_pq\doc010_p002.npy
q014,doc005_p004,-0.31670382618904114,w6_N10_M24_ivf_pq,IVF+PQ,artifacts\embeddings\full_multivector\queries\q014.npy,artifacts\embeddings\joint_compression\pages_M24_ivf_pq\doc005_p004.npy
q015,doc006_p025,0.09769521653652191,w6_N10_M24_ivf_pq,IVF+PQ,artifacts\embeddings\full_multivector\queries\q015.npy,artifacts\embeddings\joint_compression\pages_M24_ivf_pq\doc006_p025.npy
q015,doc005_p004,0.039704374969005585,w6_N10_M24_ivf_pq,IVF+PQ,artifacts\embeddings\full_multivector\queries\q015.npy,artifacts\embeddings\joint_compression\pages_M24_ivf_pq\doc005_p004.npy
q015,doc006_p021,0.11477935314178467,w6_N10_M24_ivf_pq,IVF+PQ,artifacts\embeddings\full_multivector\queries\q015.npy,artifacts\embeddings\joint_compression\pages_M24_ivf_pq\doc006_p021.npy
q015,doc005_p005,-0.18806111812591553,w6_N10_M24_ivf_pq,IVF+PQ,artifacts\embeddings\full_multivector\queries\q015.npy,artifacts\embeddings\joint_compression\pages_M24_ivf_pq\doc005_p005.npy
q015,doc005_p008,-1.003495693206787,w6_N10_M24_ivf_pq,IVF+PQ,artifacts\embeddings\full_multivector\queries\q015.npy,artifacts\embeddings\joint_compression\pages_M24_ivf_pq\doc005_p008.npy
q015,doc006_p022,0.11663365364074707,w6_N10_M24_ivf_pq,IVF+PQ,artifacts\embeddings\full_multivector\queries\q015.npy,artifacts\embeddings\joint_compression\pages_M24_ivf_pq\doc006_p022.npy
q015,doc002_p001,-1.0452938079833984,w6_N10_M24_ivf_pq,IVF+PQ,artifacts\embeddings\full_multivector\queries\q015.npy,artifacts\embeddings\joint_compression\pages_M24_ivf_pq\doc002_p001.npy
q015,doc003_p006,-0.1475616693496704,w6_N10_M24_ivf_pq,IVF+PQ,artifacts\embeddings\full_multivector\queries\q015.npy,artifacts\embeddings\joint_compression\pages_M24_ivf_pq\doc003_p006.npy
q015,doc006_p020,0.040804922580718994,w6_N10_M24_ivf_pq,IVF+PQ,artifacts\embeddings\full_multivector\queries\q015.npy,artifacts\embeddings\joint_compression\pages_M24_ivf_pq\doc006_p020.npy
q015,doc006_p012,0.16343048214912415,w6_N10_M24_ivf_pq,IVF+PQ,artifacts\embeddings\full_multivector\queries\q015.npy,artifacts\embeddings\joint_compression\pages_M24_ivf_pq\doc006_p012.npy
q016,doc006_p025,0.0754772275686264,w6_N10_M24_ivf_pq,IVF+PQ,artifacts\embeddings\full_multivector\queries\q016.npy,artifacts\embeddings\joint_compression\pages_M24_ivf_pq\doc006_p025.npy
q016,doc005_p008,-1.0926965475082397,w6_N10_M24_ivf_pq,IVF+PQ,artifacts\embeddings\full_multivector\queries\q016.npy,artifacts\embeddings\joint_compression\pages_M24_ivf_pq\doc005_p008.npy
q016,doc005_p004,-0.008327819406986237,w6_N10_M24_ivf_pq,IVF+PQ,artifacts\embeddings\full_multivector\queries\q016.npy,artifacts\embeddings\joint_compression\pages_M24_ivf_pq\doc005_p004.npy
q016,doc005_p005,-0.2192365527153015,w6_N10_M24_ivf_pq,IVF+PQ,artifacts\embeddings\full_multivector\queries\q016.npy,artifacts\embeddings\joint_compression\pages_M24_ivf_pq\doc005_p005.npy
q016,doc006_p021,0.07361894845962524,w6_N10_M24_ivf_pq,IVF+PQ,artifacts\embeddings\full_multivector\queries\q016.npy,artifacts\embeddings\joint_compression\pages_M24_ivf_pq\doc006_p021.npy
q016,doc006_p010,0.11057886481285095,w6_N10_M24_ivf_pq,IVF+PQ,artifacts\embeddings\full_multivector\queries\q016.npy,artifacts\embeddings\joint_compression\pages_M24_ivf_pq\doc006_p010.npy
q016,doc006_p020,-0.012987647205591202,w6_N10_M24_ivf_pq,IVF+PQ,artifacts\embeddings\full_multivector\queries\q016.npy,artifacts\embeddings\joint_compression\pages_M24_ivf_pq\doc006_p020.npy
q016,doc002_p001,-1.155714511871338,w6_N10_M24_ivf_pq,IVF+PQ,artifacts\embeddings\full_multivector\queries\q016.npy,artifacts\embeddings\joint_compression\pages_M24_ivf_pq\doc002_p001.npy
q016,doc006_p012,0.14096945524215698,w6_N10_M24_ivf_pq,IVF+PQ,artifacts\embeddings\full_multivector\queries\q016.npy,artifacts\embeddings\joint_compression\pages_M24_ivf_pq\doc006_p012.npy
q016,doc006_p022,0.08735781162977219,w6_N10_M24_ivf_pq,IVF+PQ,artifacts\embeddings\full_multivector\queries\q016.npy,artifacts\embeddings\joint_compression\pages_M24_ivf_pq\doc006_p022.npy
q017,doc006_p021,0.041640009731054306,w6_N10_M24_ivf_pq,IVF+PQ,artifacts\embeddings\full_multivector\queries\q017.npy,artifacts\embeddings\joint_compression\pages_M24_ivf_pq\doc006_p021.npy
q017,doc006_p020,-0.03396043926477432,w6_N10_M24_ivf_pq,IVF+PQ,artifacts\embeddings\full_multivector\queries\q017.npy,artifacts\embeddings\joint_compression\pages_M24_ivf_pq\doc006_p020.npy
q017,doc006_p010,0.042597778141498566,w6_N10_M24_ivf_pq,IVF+PQ,artifacts\embeddings\full_multivector\queries\q017.npy,artifacts\embeddings\joint_compression\pages_M24_ivf_pq\doc006_p010.npy
q017,doc004_p013,-0.04487152025103569,w6_N10_M24_ivf_pq,IVF+PQ,artifacts\embeddings\full_multivector\queries\q017.npy,artifacts\embeddings\joint_compression\pages_M24_ivf_pq\doc004_p013.npy
q017,doc006_p012,0.040760867297649384,w6_N10_M24_ivf_pq,IVF+PQ,artifacts\embeddings\full_multivector\queries\q017.npy,artifacts\embeddings\joint_compression\pages_M24_ivf_pq\doc006_p012.npy
q017,doc006_p025,-0.036641303449869156,w6_N10_M24_ivf_pq,IVF+PQ,artifacts\embeddings\full_multivector\queries\q017.npy,artifacts\embeddings\joint_compression\pages_M24_ivf_pq\doc006_p025.npy
q017,doc003_p024,-0.10499788820743561,w6_N10_M24_ivf_pq,IVF+PQ,artifacts\embeddings\full_multivector\queries\q017.npy,artifacts\embeddings\joint_compression\pages_M24_ivf_pq\doc003_p024.npy
q017,doc006_p022,0.05416518822312355,w6_N10_M24_ivf_pq,IVF+PQ,artifacts\embeddings\full_multivector\queries\q017.npy,artifacts\embeddings\joint_compression\pages_M24_ivf_pq\doc006_p022.npy
q017,doc010_p002,-0.048981547355651855,w6_N10_M24_ivf_pq,IVF+PQ,artifacts\embeddings\full_multivector\queries\q017.npy,artifacts\embeddings\joint_compression\pages_M24_ivf_pq\doc010_p002.npy
q017,doc006_p013,0.38253945112228394,w6_N10_M24_ivf_pq,IVF+PQ,artifacts\embeddings\full_multivector\queries\q017.npy,artifacts\embeddings\joint_compression\pages_M24_ivf_pq\doc006_p013.npy
q018,doc006_p010,0.12217586487531662,w6_N10_M24_ivf_pq,IVF+PQ,artifacts\embeddings\full_multivector\queries\q018.npy,artifacts\embeddings\joint_compression\pages_M24_ivf_pq\doc006_p010.npy
q018,doc004_p013,0.008530382066965103,w6_N10_M24_ivf_pq,IVF+PQ,artifacts\embeddings\full_multivector\queries\q018.npy,artifacts\embeddings\joint_compression\pages_M24_ivf_pq\doc004_p013.npy
q018,doc006_p012,0.15738768875598907,w6_N10_M24_ivf_pq,IVF+PQ,artifacts\embeddings\full_multivector\queries\q018.npy,artifacts\embeddings\joint_compression\pages_M24_ivf_pq\doc006_p012.npy
q018,doc006_p020,0.03745904564857483,w6_N10_M24_ivf_pq,IVF+PQ,artifacts\embeddings\full_multivector\queries\q018.npy,artifacts\embeddings\joint_compression\pages_M24_ivf_pq\doc006_p020.npy
q018,doc006_p021,0.1355581283569336,w6_N10_M24_ivf_pq,IVF+PQ,artifacts\embeddings\full_multivector\queries\q018.npy,artifacts\embeddings\joint_compression\pages_M24_ivf_pq\doc006_p021.npy
q018,doc003_p024,0.03392046317458153,w6_N10_M24_ivf_pq,IVF+PQ,artifacts\embeddings\full_multivector\queries\q018.npy,artifacts\embeddings\joint_compression\pages_M24_ivf_pq\doc003_p024.npy
q018,doc003_p022,-0.4701686501502991,w6_N10_M24_ivf_pq,IVF+PQ,artifacts\embeddings\full_multivector\queries\q018.npy,artifacts\embeddings\joint_compression\pages_M24_ivf_pq\doc003_p022.npy
q018,doc006_p025,0.09527429938316345,w6_N10_M24_ivf_pq,IVF+PQ,artifacts\embeddings\full_multivector\queries\q018.npy,artifacts\embeddings\joint_compression\pages_M24_ivf_pq\doc006_p025.npy
q018,doc004_p018,-0.40607503056526184,w6_N10_M24_ivf_pq,IVF+PQ,artifacts\embeddings\full_multivector\queries\q018.npy,artifacts\embeddings\joint_compression\pages_M24_ivf_pq\doc004_p018.npy
q018,doc010_p002,0.06802991032600403,w6_N10_M24_ivf_pq,IVF+PQ,artifacts\embeddings\full_multivector\queries\q018.npy,artifacts\embeddings\joint_compression\pages_M24_ivf_pq\doc010_p002.npy
q019,doc004_p013,-0.08726426959037781,w6_N10_M24_ivf_pq,IVF+PQ,artifacts\embeddings\full_multivector\queries\q019.npy,artifacts\embeddings\joint_compression\pages_M24_ivf_pq\doc004_p013.npy
q019,doc006_p012,0.09209804236888885,w6_N10_M24_ivf_pq,IVF+PQ,artifacts\embeddings\full_multivector\queries\q019.npy,artifacts\embeddings\joint_compression\pages_M24_ivf_pq\doc006_p012.npy
q019,doc006_p010,0.11566001921892166,w6_N10_M24_ivf_pq,IVF+PQ,artifacts\embeddings\full_multivector\queries\q019.npy,artifacts\embeddings\joint_compression\pages_M24_ivf_pq\doc006_p010.npy
q019,doc003_p024,-0.0680648609995842,w6_N10_M24_ivf_pq,IVF+PQ,artifacts\embeddings\full_multivector\queries\q019.npy,artifacts\embeddings\joint_compression\pages_M24_ivf_pq\doc003_p024.npy
q019,doc006_p020,0.07057398557662964,w6_N10_M24_ivf_pq,IVF+PQ,artifacts\embeddings\full_multivector\queries\q019.npy,artifacts\embeddings\joint_compression\pages_M24_ivf_pq\doc006_p020.npy
q019,doc003_p022,-0.666317343711853,w6_N10_M24_ivf_pq,IVF+PQ,artifacts\embeddings\full_multivector\queries\q019.npy,artifacts\embeddings\joint_compression\pages_M24_ivf_pq\doc003_p022.npy
q019,doc005_p004,-0.032528430223464966,w6_N10_M24_ivf_pq,IVF+PQ,artifacts\embeddings\full_multivector\queries\q019.npy,artifacts\embeddings\joint_compression\pages_M24_ivf_pq\doc005_p004.npy
q019,doc003_p025,0.3503560423851013,w6_N10_M24_ivf_pq,IVF+PQ,artifacts\embeddings\full_multivector\queries\q019.npy,artifacts\embeddings\joint_compression\pages_M24_ivf_pq\doc003_p025.npy
q019,doc005_p008,-1.225533366203308,w6_N10_M24_ivf_pq,IVF+PQ,artifacts\embeddings\full_multivector\queries\q019.npy,artifacts\embeddings\joint_compression\pages_M24_ivf_pq\doc005_p008.npy
q019,doc006_p021,0.062023621052503586,w6_N10_M24_ivf_pq,IVF+PQ,artifacts\embeddings\full_multivector\queries\q019.npy,artifacts\embeddings\joint_compression\pages_M24_ivf_pq\doc006_p021.npy
q020,doc005_p004,0.20871379971504211,w6_N10_M24_ivf_pq,IVF+PQ,artifacts\embeddings\full_multivector\queries\q020.npy,artifacts\embeddings\joint_compression\pages_M24_ivf_pq\doc005_p004.npy
q020,doc005_p005,0.0027095675468444824,w6_N10_M24_ivf_pq,IVF+PQ,artifacts\embeddings\full_multivector\queries\q020.npy,artifacts\embeddings\joint_compression\pages_M24_ivf_pq\doc005_p005.npy
q020,doc006_p021,0.38499873876571655,w6_N10_M24_ivf_pq,IVF+PQ,artifacts\embeddings\full_multivector\queries\q020.npy,artifacts\embeddings\joint_compression\pages_M24_ivf_pq\doc006_p021.npy
q020,doc006_p025,0.3203932046890259,w6_N10_M24_ivf_pq,IVF+PQ,artifacts\embeddings\full_multivector\queries\q020.npy,artifacts\embeddings\joint_compression\pages_M24_ivf_pq\doc006_p025.npy
q020,doc003_p006,0.08663967251777649,w6_N10_M24_ivf_pq,IVF+PQ,artifacts\embeddings\full_multivector\queries\q020.npy,artifacts\embeddings\joint_compression\pages_M24_ivf_pq\doc003_p006.npy
q020,doc006_p012,0.38668057322502136,w6_N10_M24_ivf_pq,IVF+PQ,artifacts\embeddings\full_multivector\queries\q020.npy,artifacts\embeddings\joint_compression\pages_M24_ivf_pq\doc006_p012.npy
q020,doc006_p022,0.38525715470314026,w6_N10_M24_ivf_pq,IVF+PQ,artifacts\embeddings\full_multivector\queries\q020.npy,artifacts\embeddings\joint_compression\pages_M24_ivf_pq\doc006_p022.npy
q020,doc004_p013,0.22044426202774048,w6_N10_M24_ivf_pq,IVF+PQ,artifacts\embeddings\full_multivector\queries\q020.npy,artifacts\embeddings\joint_compression\pages_M24_ivf_pq\doc004_p013.npy
q020,doc004_p012,0.22013422846794128,w6_N10_M24_ivf_pq,IVF+PQ,artifacts\embeddings\full_multivector\queries\q020.npy,artifacts\embeddings\joint_compression\pages_M24_ivf_pq\doc004_p012.npy
q020,doc003_p024,0.2741110324859619,w6_N10_M24_ivf_pq,IVF+PQ,artifacts\embeddings\full_multivector\queries\q020.npy,artifacts\embeddings\joint_compression\pages_M24_ivf_pq\doc003_p024.npy
q021,doc005_p005,-0.13228632509708405,w6_N10_M24_ivf_pq,IVF+PQ,artifacts\embeddings\full_multivector\queries\q021.npy,artifacts\embeddings\joint_compression\pages_M24_ivf_pq\doc005_p005.npy
q021,doc005_p004,0.03279538080096245,w6_N10_M24_ivf_pq,IVF+PQ,artifacts\embeddings\full_multivector\queries\q021.npy,artifacts\embeddings\joint_compression\pages_M24_ivf_pq\doc005_p004.npy
q021,doc005_p008,-0.6568465232849121,w6_N10_M24_ivf_pq,IVF+PQ,artifacts\embeddings\full_multivector\queries\q021.npy,artifacts\embeddings\joint_compression\pages_M24_ivf_pq\doc005_p008.npy
q021,doc006_p025,0.17998984456062317,w6_N10_M24_ivf_pq,IVF+PQ,artifacts\embeddings\full_multivector\queries\q021.npy,artifacts\embeddings\joint_compression\pages_M24_ivf_pq\doc006_p025.npy
q021,doc006_p021,0.21943098306655884,w6_N10_M24_ivf_pq,IVF+PQ,artifacts\embeddings\full_multivector\queries\q021.npy,artifacts\embeddings\joint_compression\pages_M24_ivf_pq\doc006_p021.npy
q021,doc003_p006,-0.052357640117406845,w6_N10_M24_ivf_pq,IVF+PQ,artifacts\embeddings\full_multivector\queries\q021.npy,artifacts\embeddings\joint_compression\pages_M24_ivf_pq\doc003_p006.npy
q021,doc006_p012,0.24652941524982452,w6_N10_M24_ivf_pq,IVF+PQ,artifacts\embeddings\full_multivector\queries\q021.npy,artifacts\embeddings\joint_compression\pages_M24_ivf_pq\doc006_p012.npy
q021,doc006_p020,0.16056030988693237,w6_N10_M24_ivf_pq,IVF+PQ,artifacts\embeddings\full_multivector\queries\q021.npy,artifacts\embeddings\joint_compression\pages_M24_ivf_pq\doc006_p020.npy
q021,doc004_p012,0.05350371450185776,w6_N10_M24_ivf_pq,IVF+PQ,artifacts\embeddings\full_multivector\queries\q021.npy,artifacts\embeddings\joint_compression\pages_M24_ivf_pq\doc004_p012.npy
q021,doc001_p003,-0.659558117389679,w6_N10_M24_ivf_pq,IVF+PQ,artifacts\embeddings\full_multivector\queries\q021.npy,artifacts\embeddings\joint_compression\pages_M24_ivf_pq\doc001_p003.npy
q022,doc005_p008,-0.8790008425712585,w6_N10_M24_ivf_pq,IVF+PQ,artifacts\embeddings\full_multivector\queries\q022.npy,artifacts\embeddings\joint_compression\pages_M24_ivf_pq\doc005_p008.npy
q022,doc003_p022,-0.6221266388893127,w6_N10_M24_ivf_pq,IVF+PQ,artifacts\embeddings\full_multivector\queries\q022.npy,artifacts\embeddings\joint_compression\pages_M24_ivf_pq\doc003_p022.npy
q022,doc005_p004,-0.27958571910858154,w6_N10_M24_ivf_pq,IVF+PQ,artifacts\embeddings\full_multivector\queries\q022.npy,artifacts\embeddings\joint_compression\pages_M24_ivf_pq\doc005_p004.npy
q022,doc005_p002,-0.6607006192207336,w6_N10_M24_ivf_pq,IVF+PQ,artifacts\embeddings\full_multivector\queries\q022.npy,artifacts\embeddings\joint_compression\pages_M24_ivf_pq\doc005_p002.npy
q022,doc003_p025,0.16796541213989258,w6_N10_M24_ivf_pq,IVF+PQ,artifacts\embeddings\full_multivector\queries\q022.npy,artifacts\embeddings\joint_compression\pages_M24_ivf_pq\doc003_p025.npy
q022,doc003_p024,-0.1684289127588272,w6_N10_M24_ivf_pq,IVF+PQ,artifacts\embeddings\full_multivector\queries\q022.npy,artifacts\embeddings\joint_compression\pages_M24_ivf_pq\doc003_p024.npy
q022,doc004_p006,0.1522863656282425,w6_N10_M24_ivf_pq,IVF+PQ,artifacts\embeddings\full_multivector\queries\q022.npy,artifacts\embeddings\joint_compression\pages_M24_ivf_pq\doc004_p006.npy
q022,doc004_p013,-0.29058340191841125,w6_N10_M24_ivf_pq,IVF+PQ,artifacts\embeddings\full_multivector\queries\q022.npy,artifacts\embeddings\joint_compression\pages_M24_ivf_pq\doc004_p013.npy
q022,doc004_p012,-0.2525086998939514,w6_N10_M24_ivf_pq,IVF+PQ,artifacts\embeddings\full_multivector\queries\q022.npy,artifacts\embeddings\joint_compression\pages_M24_ivf_pq\doc004_p012.npy
q022,doc003_p006,-0.3043137788772583,w6_N10_M24_ivf_pq,IVF+PQ,artifacts\embeddings\full_multivector\queries\q022.npy,artifacts\embeddings\joint_compression\pages_M24_ivf_pq\doc003_p006.npy
q023,doc005_p008,-0.9125756025314331,w6_N10_M24_ivf_pq,IVF+PQ,artifacts\embeddings\full_multivector\queries\q023.npy,artifacts\embeddings\joint_compression\pages_M24_ivf_pq\doc005_p008.npy
q023,doc003_p022,-0.6552780866622925,w6_N10_M24_ivf_pq,IVF+PQ,artifacts\embeddings\full_multivector\queries\q023.npy,artifacts\embeddings\joint_compression\pages_M24_ivf_pq\doc003_p022.npy
q023,doc005_p004,-0.3798617422580719,w6_N10_M24_ivf_pq,IVF+PQ,artifacts\embeddings\full_multivector\queries\q023.npy,artifacts\embeddings\joint_compression\pages_M24_ivf_pq\doc005_p004.npy
q023,doc005_p002,-0.7178663015365601,w6_N10_M24_ivf_pq,IVF+PQ,artifacts\embeddings\full_multivector\queries\q023.npy,artifacts\embeddings\joint_compression\pages_M24_ivf_pq\doc005_p002.npy
q023,doc004_p006,0.05674242600798607,w6_N10_M24_ivf_pq,IVF+PQ,artifacts\embeddings\full_multivector\queries\q023.npy,artifacts\embeddings\joint_compression\pages_M24_ivf_pq\doc004_p006.npy
q023,doc003_p025,0.0815080851316452,w6_N10_M24_ivf_pq,IVF+PQ,artifacts\embeddings\full_multivector\queries\q023.npy,artifacts\embeddings\joint_compression\pages_M24_ivf_pq\doc003_p025.npy
q023,doc004_p013,-0.4074220061302185,w6_N10_M24_ivf_pq,IVF+PQ,artifacts\embeddings\full_multivector\queries\q023.npy,artifacts\embeddings\joint_compression\pages_M24_ivf_pq\doc004_p013.npy
q023,doc003_p024,-0.2539949417114258,w6_N10_M24_ivf_pq,IVF+PQ,artifacts\embeddings\full_multivector\queries\q023.npy,artifacts\embeddings\joint_compression\pages_M24_ivf_pq\doc003_p024.npy
q023,doc005_p005,-0.4522235095500946,w6_N10_M24_ivf_pq,IVF+PQ,artifacts\embeddings\full_multivector\queries\q023.npy,artifacts\embeddings\joint_compression\pages_M24_ivf_pq\doc005_p005.npy
q023,doc003_p006,-0.41994744539260864,w6_N10_M24_ivf_pq,IVF+PQ,artifacts\embeddings\full_multivector\queries\q023.npy,artifacts\embeddings\joint_compression\pages_M24_ivf_pq\doc003_p006.npy
q024,doc005_p004,-0.40142619609832764,w6_N10_M24_ivf_pq,IVF+PQ,artifacts\embeddings\full_multivector\queries\q024.npy,artifacts\embeddings\joint_compression\pages_M24_ivf_pq\doc005_p004.npy
q024,doc003_p022,-0.81000816822052,w6_N10_M24_ivf_pq,IVF+PQ,artifacts\embeddings\full_multivector\queries\q024.npy,artifacts\embeddings\joint_compression\pages_M24_ivf_pq\doc003_p022.npy
q024,doc003_p024,-0.21477697789669037,w6_N10_M24_ivf_pq,IVF+PQ,artifacts\embeddings\full_multivector\queries\q024.npy,artifacts\embeddings\joint_compression\pages_M24_ivf_pq\doc003_p024.npy
q024,doc005_p005,-0.49422192573547363,w6_N10_M24_ivf_pq,IVF+PQ,artifacts\embeddings\full_multivector\queries\q024.npy,artifacts\embeddings\joint_compression\pages_M24_ivf_pq\doc005_p005.npy
q024,doc003_p025,0.211973637342453,w6_N10_M24_ivf_pq,IVF+PQ,artifacts\embeddings\full_multivector\queries\q024.npy,artifacts\embeddings\joint_compression\pages_M24_ivf_pq\doc003_p025.npy
q024,doc004_p013,-0.398547887802124,w6_N10_M24_ivf_pq,IVF+PQ,artifacts\embeddings\full_multivector\queries\q024.npy,artifacts\embeddings\joint_compression\pages_M24_ivf_pq\doc004_p013.npy
q024,doc003_p006,-0.41390082240104675,w6_N10_M24_ivf_pq,IVF+PQ,artifacts\embeddings\full_multivector\queries\q024.npy,artifacts\embeddings\joint_compression\pages_M24_ivf_pq\doc003_p006.npy
q024,doc006_p010,-0.1123412698507309,w6_N10_M24_ivf_pq,IVF+PQ,artifacts\embeddings\full_multivector\queries\q024.npy,artifacts\embeddings\joint_compression\pages_M24_ivf_pq\doc006_p010.npy
q024,doc003_p027,-0.30523374676704407,w6_N10_M24_ivf_pq,IVF+PQ,artifacts\embeddings\full_multivector\queries\q024.npy,artifacts\embeddings\joint_compression\pages_M24_ivf_pq\doc003_p027.npy
q024,doc005_p002,-0.854072630405426,w6_N10_M24_ivf_pq,IVF+PQ,artifacts\embeddings\full_multivector\queries\q024.npy,artifacts\embeddings\joint_compression\pages_M24_ivf_pq\doc005_p002.npy
q025,doc005_p004,-0.289702832698822,w6_N10_M24_ivf_pq,IVF+PQ,artifacts\embeddings\full_multivector\queries\q025.npy,artifacts\embeddings\joint_compression\pages_M24_ivf_pq\doc005_p004.npy
q025,doc003_p022,-0.5387293100357056,w6_N10_M24_ivf_pq,IVF+PQ,artifacts\embeddings\full_multivector\queries\q025.npy,artifacts\embeddings\joint_compression\pages_M24_ivf_pq\doc003_p022.npy
q025,doc003_p006,-0.29774001240730286,w6_N10_M24_ivf_pq,IVF+PQ,artifacts\embeddings\full_multivector\queries\q025.npy,artifacts\embeddings\joint_compression\pages_M24_ivf_pq\doc003_p006.npy
q025,doc005_p005,-0.34073877334594727,w6_N10_M24_ivf_pq,IVF+PQ,artifacts\embeddings\full_multivector\queries\q025.npy,artifacts\embeddings\joint_compression\pages_M24_ivf_pq\doc005_p005.npy
q025,doc006_p010,-0.048723552376031876,w6_N10_M24_ivf_pq,IVF+PQ,artifacts\embeddings\full_multivector\queries\q025.npy,artifacts\embeddings\joint_compression\pages_M24_ivf_pq\doc006_p010.npy
q025,doc003_p024,-0.13271480798721313,w6_N10_M24_ivf_pq,IVF+PQ,artifacts\embeddings\full_multivector\queries\q025.npy,artifacts\embeddings\joint_compression\pages_M24_ivf_pq\doc003_p024.npy
q025,doc004_p013,-0.26848137378692627,w6_N10_M24_ivf_pq,IVF+PQ,artifacts\embeddings\full_multivector\queries\q025.npy,artifacts\embeddings\joint_compression\pages_M24_ivf_pq\doc004_p013.npy
q025,doc003_p025,0.20139959454536438,w6_N10_M24_ivf_pq,IVF+PQ,artifacts\embeddings\full_multivector\queries\q025.npy,artifacts\embeddings\joint_compression\pages_M24_ivf_pq\doc003_p025.npy
q025,doc006_p012,-0.027067553251981735,w6_N10_M24_ivf_pq,IVF+PQ,artifacts\embeddings\full_multivector\queries\q025.npy,artifacts\embeddings\joint_compression\pages_M24_ivf_pq\doc006_p012.npy
q025,doc005_p002,-0.569675087928772,w6_N10_M24_ivf_pq,IVF+PQ,artifacts\embeddings\full_multivector\queries\q025.npy,artifacts\embeddings\joint_compression\pages_M24_ivf_pq\doc005_p002.npy
q026,doc005_p008,-0.8168982267379761,w6_N10_M24_ivf_pq,IVF+PQ,artifacts\embeddings\full_multivector\queries\q026.npy,artifacts\embeddings\joint_compression\pages_M24_ivf_pq\doc005_p008.npy
q026,doc005_p004,-0.21051344275474548,w6_N10_M24_ivf_pq,IVF+PQ,artifacts\embeddings\full_multivector\queries\q026.npy,artifacts\embeddings\joint_compression\pages_M24_ivf_pq\doc005_p004.npy
q026,doc005_p002,-0.605671763420105,w6_N10_M24_ivf_pq,IVF+PQ,artifacts\embeddings\full_multivector\queries\q026.npy,artifacts\embeddings\joint_compression\pages_M24_ivf_pq\doc005_p002.npy
q026,doc003_p022,-0.6149823665618896,w6_N10_M24_ivf_pq,IVF+PQ,artifacts\embeddings\full_multivector\queries\q026.npy,artifacts\embeddings\joint_compression\pages_M24_ivf_pq\doc003_p022.npy
q026,doc004_p012,-0.21304157376289368,w6_N10_M24_ivf_pq,IVF+PQ,artifacts\embeddings\full_multivector\queries\q026.npy,artifacts\embeddings\joint_compression\pages_M24_ivf_pq\doc004_p012.npy
q026,doc004_p006,0.2101844698190689,w6_N10_M24_ivf_pq,IVF+PQ,artifacts\embeddings\full_multivector\queries\q026.npy,artifacts\embeddings\joint_compression\pages_M24_ivf_pq\doc004_p006.npy
q026,doc005_p005,-0.3050784468650818,w6_N10_M24_ivf_pq,IVF+PQ,artifacts\embeddings\full_multivector\queries\q026.npy,artifacts\embeddings\joint_compression\pages_M24_ivf_pq\doc005_p005.npy
q026,doc003_p006,-0.24214336276054382,w6_N10_M24_ivf_pq,IVF+PQ,artifacts\embeddings\full_multivector\queries\q026.npy,artifacts\embeddings\joint_compression\pages_M24_ivf_pq\doc003_p006.npy
q026,doc003_p025,0.2231927514076233,w6_N10_M24_ivf_pq,IVF+PQ,artifacts\embeddings\full_multivector\queries\q026.npy,artifacts\embeddings\joint_compression\pages_M24_ivf_pq\doc003_p025.npy
q026,doc006_p025,-0.008200988173484802,w6_N10_M24_ivf_pq,IVF+PQ,artifacts\embeddings\full_multivector\queries\q026.npy,artifacts\embeddings\joint_compression\pages_M24_ivf_pq\doc006_p025.npy
q027,doc005_p008,-0.8510586023330688,w6_N10_M24_ivf_pq,IVF+PQ,artifacts\embeddings\full_multivector\queries\q027.npy,artifacts\embeddings\joint_compression\pages_M24_ivf_pq\doc005_p008.npy
q027,doc005_p004,-0.3092387318611145,w6_N10_M24_ivf_pq,IVF+PQ,artifacts\embeddings\full_multivector\queries\q027.npy,artifacts\embeddings\joint_compression\pages_M24_ivf_pq\doc005_p004.npy
q027,doc004_p006,0.11838947981595993,w6_N10_M24_ivf_pq,IVF+PQ,artifacts\embeddings\full_multivector\queries\q027.npy,artifacts\embeddings\joint_compression\pages_M24_ivf_pq\doc004_p006.npy
q027,doc003_p022,-0.6487845182418823,w6_N10_M24_ivf_pq,IVF+PQ,artifacts\embeddings\full_multivector\queries\q027.npy,artifacts\embeddings\joint_compression\pages_M24_ivf_pq\doc003_p022.npy
q027,doc005_p005,-0.3985825181007385,w6_N10_M24_ivf_pq,IVF+PQ,artifacts\embeddings\full_multivector\queries\q027.npy,artifacts\embeddings\joint_compression\pages_M24_ivf_pq\doc005_p005.npy
q027,doc005_p002,-0.6615238189697266,w6_N10_M24_ivf_pq,IVF+PQ,artifacts\embeddings\full_multivector\queries\q027.npy,artifacts\embeddings\joint_compression\pages_M24_ivf_pq\doc005_p002.npy
q027,doc003_p006,-0.35446736216545105,w6_N10_M24_ivf_pq,IVF+PQ,artifacts\embeddings\full_multivector\queries\q027.npy,artifacts\embeddings\joint_compression\pages_M24_ivf_pq\doc003_p006.npy
q027,doc003_p025,0.14025083184242249,w6_N10_M24_ivf_pq,IVF+PQ,artifacts\embeddings\full_multivector\queries\q027.npy,artifacts\embeddings\joint_compression\pages_M24_ivf_pq\doc003_p025.npy
q027,doc004_p013,-0.36249101161956787,w6_N10_M24_ivf_pq,IVF+PQ,artifacts\embeddings\full_multivector\queries\q027.npy,artifacts\embeddings\joint_compression\pages_M24_ivf_pq\doc004_p013.npy
q027,doc003_p024,-0.19302710890769958,w6_N10_M24_ivf_pq,IVF+PQ,artifacts\embeddings\full_multivector\queries\q027.npy,artifacts\embeddings\joint_compression\pages_M24_ivf_pq\doc003_p024.npy
q028,doc004_p012,-0.29249268770217896,w6_N10_M24_ivf_pq,IVF+PQ,artifacts\embeddings\full_multivector\queries\q028.npy,artifacts\embeddings\joint_compression\pages_M24_ivf_pq\doc004_p012.npy
q028,doc001_p003,-0.8351191282272339,w6_N10_M24_ivf_pq,IVF+PQ,artifacts\embeddings\full_multivector\queries\q028.npy,artifacts\embeddings\joint_compression\pages_M24_ivf_pq\doc001_p003.npy
q028,doc004_p011,-0.16198156774044037,w6_N10_M24_ivf_pq,IVF+PQ,artifacts\embeddings\full_multivector\queries\q028.npy,artifacts\embeddings\joint_compression\pages_M24_ivf_pq\doc004_p011.npy
q028,doc006_p010,-0.09484437108039856,w6_N10_M24_ivf_pq,IVF+PQ,artifacts\embeddings\full_multivector\queries\q028.npy,artifacts\embeddings\joint_compression\pages_M24_ivf_pq\doc006_p010.npy
q028,doc003_p002,0.08606560528278351,w6_N10_M24_ivf_pq,IVF+PQ,artifacts\embeddings\full_multivector\queries\q028.npy,artifacts\embeddings\joint_compression\pages_M24_ivf_pq\doc003_p002.npy
q028,doc001_p002,-0.24797821044921875,w6_N10_M24_ivf_pq,IVF+PQ,artifacts\embeddings\full_multivector\queries\q028.npy,artifacts\embeddings\joint_compression\pages_M24_ivf_pq\doc001_p002.npy
q028,doc003_p025,0.1323520839214325,w6_N10_M24_ivf_pq,IVF+PQ,artifacts\embeddings\full_multivector\queries\q028.npy,artifacts\embeddings\joint_compression\pages_M24_ivf_pq\doc003_p025.npy
q028,doc005_p002,-0.6582578420639038,w6_N10_M24_ivf_pq,IVF+PQ,artifacts\embeddings\full_multivector\queries\q028.npy,artifacts\embeddings\joint_compression\pages_M24_ivf_pq\doc005_p002.npy
q028,doc003_p024,-0.20744389295578003,w6_N10_M24_ivf_pq,IVF+PQ,artifacts\embeddings\full_multivector\queries\q028.npy,artifacts\embeddings\joint_compression\pages_M24_ivf_pq\doc003_p024.npy
q028,doc001_p004,-0.10015110671520233,w6_N10_M24_ivf_pq,IVF+PQ,artifacts\embeddings\full_multivector\queries\q028.npy,artifacts\embeddings\joint_compression\pages_M24_ivf_pq\doc001_p004.npy
q029,doc006_p020,-0.2174723893404007,w6_N10_M24_ivf_pq,IVF+PQ,artifacts\embeddings\full_multivector\queries\q029.npy,artifacts\embeddings\joint_compression\pages_M24_ivf_pq\doc006_p020.npy
q029,doc006_p010,-0.179602712392807,w6_N10_M24_ivf_pq,IVF+PQ,artifacts\embeddings\full_multivector\queries\q029.npy,artifacts\embeddings\joint_compression\pages_M24_ivf_pq\doc006_p010.npy
q029,doc006_p021,-0.15995299816131592,w6_N10_M24_ivf_pq,IVF+PQ,artifacts\embeddings\full_multivector\queries\q029.npy,artifacts\embeddings\joint_compression\pages_M24_ivf_pq\doc006_p021.npy
q029,doc004_p013,-0.14291442930698395,w6_N10_M24_ivf_pq,IVF+PQ,artifacts\embeddings\full_multivector\queries\q029.npy,artifacts\embeddings\joint_compression\pages_M24_ivf_pq\doc004_p013.npy
q029,doc005_p008,-1.2597674131393433,w6_N10_M24_ivf_pq,IVF+PQ,artifacts\embeddings\full_multivector\queries\q029.npy,artifacts\embeddings\joint_compression\pages_M24_ivf_pq\doc005_p008.npy
q029,doc006_p024,-0.1525924950838089,w6_N10_M24_ivf_pq,IVF+PQ,artifacts\embeddings\full_multivector\queries\q029.npy,artifacts\embeddings\joint_compression\pages_M24_ivf_pq\doc006_p024.npy
q029,doc006_p012,-0.1185598224401474,w6_N10_M24_ivf_pq,IVF+PQ,artifacts\embeddings\full_multivector\queries\q029.npy,artifacts\embeddings\joint_compression\pages_M24_ivf_pq\doc006_p012.npy
q029,doc004_p018,-0.7416377663612366,w6_N10_M24_ivf_pq,IVF+PQ,artifacts\embeddings\full_multivector\queries\q029.npy,artifacts\embeddings\joint_compression\pages_M24_ivf_pq\doc004_p018.npy
q029,doc006_p023,-0.16740316152572632,w6_N10_M24_ivf_pq,IVF+PQ,artifacts\embeddings\full_multivector\queries\q029.npy,artifacts\embeddings\joint_compression\pages_M24_ivf_pq\doc006_p023.npy
q029,doc006_p025,-0.15470212697982788,w6_N10_M24_ivf_pq,IVF+PQ,artifacts\embeddings\full_multivector\queries\q029.npy,artifacts\embeddings\joint_compression\pages_M24_ivf_pq\doc006_p025.npy
q030,doc005_p008,-0.9618063569068909,w6_N10_M24_ivf_pq,IVF+PQ,artifacts\embeddings\full_multivector\queries\q030.npy,artifacts\embeddings\joint_compression\pages_M24_ivf_pq\doc005_p008.npy
q030,doc005_p004,-0.1026712954044342,w6_N10_M24_ivf_pq,IVF+PQ,artifacts\embeddings\full_multivector\queries\q030.npy,artifacts\embeddings\joint_compression\pages_M24_ivf_pq\doc005_p004.npy
q030,doc002_p001,-1.1182830333709717,w6_N10_M24_ivf_pq,IVF+PQ,artifacts\embeddings\full_multivector\queries\q030.npy,artifacts\embeddings\joint_compression\pages_M24_ivf_pq\doc002_p001.npy
q030,doc006_p021,-0.15333345532417297,w6_N10_M24_ivf_pq,IVF+PQ,artifacts\embeddings\full_multivector\queries\q030.npy,artifacts\embeddings\joint_compression\pages_M24_ivf_pq\doc006_p021.npy
q030,doc006_p025,-0.13213519752025604,w6_N10_M24_ivf_pq,IVF+PQ,artifacts\embeddings\full_multivector\queries\q030.npy,artifacts\embeddings\joint_compression\pages_M24_ivf_pq\doc006_p025.npy
q030,doc006_p020,-0.21016131341457367,w6_N10_M24_ivf_pq,IVF+PQ,artifacts\embeddings\full_multivector\queries\q030.npy,artifacts\embeddings\joint_compression\pages_M24_ivf_pq\doc006_p020.npy
q030,doc005_p005,-0.4303112030029297,w6_N10_M24_ivf_pq,IVF+PQ,artifacts\embeddings\full_multivector\queries\q030.npy,artifacts\embeddings\joint_compression\pages_M24_ivf_pq\doc005_p005.npy
q030,doc004_p006,0.13461945950984955,w6_N10_M24_ivf_pq,IVF+PQ,artifacts\embeddings\full_multivector\queries\q030.npy,artifacts\embeddings\joint_compression\pages_M24_ivf_pq\doc004_p006.npy
q030,doc001_p003,-0.9394016861915588,w6_N10_M24_ivf_pq,IVF+PQ,artifacts\embeddings\full_multivector\queries\q030.npy,artifacts\embeddings\joint_compression\pages_M24_ivf_pq\doc001_p003.npy
q030,doc006_p012,-0.10342667996883392,w6_N10_M24_ivf_pq,IVF+PQ,artifacts\embeddings\full_multivector\queries\q030.npy,artifacts\embeddings\joint_compression\pages_M24_ivf_pq\doc006_p012.npy
