query_id,page_id,score,run_name,compression,query_file,page_file
q001,doc003_p004,0.29936593770980835,w6_N10_M16_none,None,artifacts\embeddings\full_multivector\queries\q001.npy,artifacts\embeddings\token_selection\pages_M16\doc003_p004.npy
q001,doc001_p004,0.18695324659347534,w6_N10_M16_none,None,artifacts\embeddings\full_multivector\queries\q001.npy,artifacts\embeddings\token_selection\pages_M16\doc001_p004.npy
q001,doc006_p008,0.5888997316360474,w6_N10_M16_none,None,artifacts\embeddings\full_multivector\queries\q001.npy,artifacts\embeddings\token_selection\pages_M16\doc006_p008.npy
q001,doc008_p001,0.5638575553894043,w6_N10_M16_none,None,artifacts\embeddings\full_multivector\queries\q001.npy,artifacts\embeddings\token_selection\pages_M16\doc008_p001.npy
q001,doc001_p003,-0.054155223071575165,w6_N10_M16_none,None,artifacts\embeddings\full_multivector\queries\q001.npy,artifacts\embeddings\token_selection\pages_M16\doc001_p003.npy
q001,doc001_p001,0.11515624821186066,w6_N10_M16_none,None,artifacts\embeddings\full_multivector\queries\q001.npy,artifacts\embeddings\token_selection\pages_M16\doc001_p001.npy
q001,doc009_p001,0.08842457830905914,w6_N10_M16_none,None,artifacts\embeddings\full_multivector\queries\q001.npy,artifacts\embeddings\token_selection\pages_M16\doc009_p001.npy
q001,doc006_p019,0.5276278853416443,w6_N10_M16_none,None,artifacts\embeddings\full_multivector\queries\q001.npy,artifacts\embeddings\token_selection\pages_M16\doc006_p019.npy
q001,doc008_p002,-0.32475990056991577,w6_N10_M16_none,None,artifacts\embeddings\full_multivector\queries\q001.npy,artifacts\embeddings\token_selection\pages_M16\doc008_p002.npy
q001,doc006_p027,0.5371063947677612,w6_N10_M16_none,None,artifacts\embeddings\full_multivector\queries\q001.npy,artifacts\embeddings\token_selection\pages_M16\doc006_p027.npy
q002,doc006_p010,-0.5468335747718811,w6_N10_M16_none,None,artifacts\embeddings\full_multivector\queries\q002.npy,artifacts\embeddings\token_selection\pages_M16\doc006_p010.npy
q002,doc004_p009,-0.6592611074447632,w6_N10_M16_none,None,artifacts\embeddings\full_multivector\queries\q002.npy,artifacts\embeddings\token_selection\pages_M16\doc004_p009.npy
q002,doc004_p010,-0.5059860944747925,w6_N10_M16_none,None,artifacts\embeddings\full_multivector\queries\q002.npy,artifacts\embeddings\token_selection\pages_M16\doc004_p010.npy
q002,doc006_p020,-0.7764177918434143,w6_N10_M16_none,None,artifacts\embeddings\full_multivector\queries\q002.npy,artifacts\embeddings\token_selection\pages_M16\doc006_p020.npy
q002,doc006_p013,-0.4586707055568695,w6_N10_M16_none,None,artifacts\embeddings\full_multivector\queries\q002.npy,artifacts\embeddings\token_selection\pages_M16\doc006_p013.npy
q002,doc006_p012,-0.5564224123954773,w6_N10_M16_none,None,artifacts\embeddings\full_multivector\queries\q002.npy,artifacts\embeddings\token_selection\pages_M16\doc006_p012.npy
q002,doc007_p001,-0.6350030303001404,w6_N10_M16_none,None,artifacts\embeddings\full_multivector\queries\q002.npy,artifacts\embeddings\token_selection\pages_M16\doc007_p001.npy
q002,doc006_p021,-0.4693261981010437,w6_N10_M16_none,None,artifacts\embeddings\full_multivector\queries\q002.npy,artifacts\embeddings\token_selection\pages_M16\doc006_p021.npy
q002,doc003_p022,-0.5022385716438293,w6_N10_M16_none,None,artifacts\embeddings\full_multivector\queries\q002.npy,artifacts\embeddings\token_selection\pages_M16\doc003_p022.npy
q002,doc001_p002,-0.2931387722492218,w6_N10_M16_none,None,artifacts\embeddings\full_multivector\queries\q002.npy,artifacts\embeddings\token_selection\pages_M16\doc001_p002.npy
q003,doc006_p010,-0.7273589968681335,w6_N10_M16_none,None,artifacts\embeddings\full_multivector\queries\q003.npy,artifacts\embeddings\token_selection\pages_M16\doc006_p010.npy
q003,doc007_p001,-0.686673641204834,w6_N10_M16_none,None,artifacts\embeddings\full_multivector\queries\q003.npy,artifacts\embeddings\token_selection\pages_M16\doc007_p001.npy
q003,doc006_p009,-0.48102301359176636,w6_N10_M16_none,None,artifacts\embeddings\full_multivector\queries\q003.npy,artifacts\embeddings\token_selection\pages_M16\doc006_p009.npy
q003,doc006_p007,-0.526150107383728,w6_N10_M16_none,None,artifacts\embeddings\full_multivector\queries\q003.npy,artifacts\embeddings\token_selection\pages_M16\doc006_p007.npy
q003,doc001_p004,-0.8712755441665649,w6_N10_M16_none,None,artifacts\embeddings\full_multivector\queries\q003.npy,artifacts\embeddings\token_selection\pages_M16\doc001_p004.npy
q003,doc003_p013,-0.6414016485214233,w6_N10_M16_none,None,artifacts\embeddings\full_multivector\queries\q003.npy,artifacts\embeddings\token_selection\pages_M16\doc003_p013.npy
q003,doc004_p007,-0.49089041352272034,w6_N10_M16_none,None,artifacts\embeddings\full_multivector\queries\q003.npy,artifacts\embeddings\token_selection\pages_M16\doc004_p007.npy
q003,doc006_p024,-0.39738327264785767,w6_N10_M16_none,None,artifacts\embeddings\full_multivector\queries\q003.npy,artifacts\embeddings\token_selection\pages_M16\doc006_p024.npy
q003,doc006_p008,-0.583504319190979,w6_N10_M16_none,None,artifacts\embeddings\full_multivector\queries\q003.npy,artifacts\embeddings\token_selection\pages_M16\doc006_p008.npy
q003,doc001_p003,-1.0061720609664917,w6_N10_M16_none,None,artifacts\embeddings\full_multivector\queries\q003.npy,artifacts\embeddings\token_selection\pages_M16\doc001_p003.npy
q004,doc006_p013,0.044346828013658524,w6_N10_M16_none,None,artifacts\embeddings\full_multivector\queries\q004.npy,artifacts\embeddings\token_selection\pages_M16\doc006_p013.npy
q004,doc010_p001,-0.24122382700443268,w6_N10_M16_none,None,artifacts\embeddings\full_multivector\queries\q004.npy,artifacts\embeddings\token_selection\pages_M16\doc010_p001.npy
q004,doc007_p001,-0.1163163036108017,w6_N10_M16_none,None,artifacts\embeddings\full_multivector\queries\q004.npy,artifacts\embeddings\token_selection\pages_M16\doc007_p001.npy
q004,doc003_p009,0.03672380745410919,w6_N10_M16_none,None,artifacts\embeddings\full_multivector\queries\q004.npy,artifacts\embeddings\token_selection\pages_M16\doc003_p009.npy
q004,doc006_p021,0.3128131926059723,w6_N10_M16_none,None,artifacts\embeddings\full_multivector\queries\q004.npy,artifacts\embeddings\token_selection\pages_M16\doc006_p021.npy
q004,doc001_p004,-0.3160448372364044,w6_N10_M16_none,None,artifacts\embeddings\full_multivector\queries\q004.npy,artifacts\embeddings\token_selection\pages_M16\doc001_p004.npy
q004,doc001_p002,0.21780085563659668,w6_N10_M16_none,None,artifacts\embeddings\full_multivector\queries\q004.npy,artifacts\embeddings\token_selection\pages_M16\doc001_p002.npy
q004,doc001_p003,-0.3128376007080078,w6_N10_M16_none,None,artifacts\embeddings\full_multivector\queries\q004.npy,artifacts\embeddings\token_selection\pages_M16\doc001_p003.npy
q004,doc007_p002,0.172317236661911,w6_N10_M16_none,None,artifacts\embeddings\full_multivector\queries\q004.npy,artifacts\embeddings\token_selection\pages_M16\doc007_p002.npy
q004,doc006_p020,0.03821604698896408,w6_N10_M16_none,None,artifacts\embeddings\full_multivector\queries\q004.npy,artifacts\embeddings\token_selection\pages_M16\doc006_p020.npy
q005,doc004_p012,-0.18253204226493835,w6_N10_M16_none,None,artifacts\embeddings\full_multivector\queries\q005.npy,artifacts\embeddings\token_selection\pages_M16\doc004_p012.npy
q005,doc006_p012,-0.1964225023984909,w6_N10_M16_none,None,artifacts\embeddings\full_multivector\queries\q005.npy,artifacts\embeddings\token_selection\pages_M16\doc006_p012.npy
q005,doc006_p010,-0.23885643482208252,w6_N10_M16_none,None,artifacts\embeddings\full_multivector\queries\q005.npy,artifacts\embeddings\token_selection\pages_M16\doc006_p010.npy
q005,doc005_p002,-0.4346616864204407,w6_N10_M16_none,None,artifacts\embeddings\full_multivector\queries\q005.npy,artifacts\embeddings\token_selection\pages_M16\doc005_p002.npy
q005,doc005_p008,-0.2376529574394226,w6_N10_M16_none,None,artifacts\embeddings\full_multivector\queries\q005.npy,artifacts\embeddings\token_selection\pages_M16\doc005_p008.npy
q005,doc004_p006,-0.03649120777845383,w6_N10_M16_none,None,artifacts\embeddings\full_multivector\queries\q005.npy,artifacts\embeddings\token_selection\pages_M16\doc004_p006.npy
q005,doc003_p024,-0.30789250135421753,w6_N10_M16_none,None,artifacts\embeddings\full_multivector\queries\q005.npy,artifacts\embeddings\token_selection\pages_M16\doc003_p024.npy
q005,doc006_p021,-0.1281564086675644,w6_N10_M16_none,None,artifacts\embeddings\full_multivector\queries\q005.npy,artifacts\embeddings\token_selection\pages_M16\doc006_p021.npy
q005,doc004_p011,-0.5785811543464661,w6_N10_M16_none,None,artifacts\embeddings\full_multivector\queries\q005.npy,artifacts\embeddings\token_selection\pages_M16\doc004_p011.npy
q005,doc003_p009,-0.37552687525749207,w6_N10_M16_none,None,artifacts\embeddings\full_multivector\queries\q005.npy,artifacts\embeddings\token_selection\pages_M16\doc003_p009.npy
q006,doc006_p010,-0.34889110922813416,w6_N10_M16_none,None,artifacts\embeddings\full_multivector\queries\q006.npy,artifacts\embeddings\token_selection\pages_M16\doc006_p010.npy
q006,doc001_p004,-0.6029508113861084,w6_N10_M16_none,None,artifacts\embeddings\full_multivector\queries\q006.npy,artifacts\embeddings\token_selection\pages_M16\doc001_p004.npy
q006,doc007_p001,-0.4127373695373535,w6_N10_M16_none,None,artifacts\embeddings\full_multivector\queries\q006.npy,artifacts\embeddings\token_selection\pages_M16\doc007_p001.npy
q006,doc005_p002,-0.49512937664985657,w6_N10_M16_none,None,artifacts\embeddings\full_multivector\queries\q006.npy,artifacts\embeddings\token_selection\pages_M16\doc005_p002.npy
q006,doc006_p019,-0.25711479783058167,w6_N10_M16_none,None,artifacts\embeddings\full_multivector\queries\q006.npy,artifacts\embeddings\token_selection\pages_M16\doc006_p019.npy
q006,doc001_p003,-0.8122678995132446,w6_N10_M16_none,None,artifacts\embeddings\full_multivector\queries\q006.npy,artifacts\embeddings\token_selection\pages_M16\doc001_p003.npy
q006,doc006_p013,-0.3870766758918762,w6_N10_M16_none,None,artifacts\embeddings\full_multivector\queries\q006.npy,artifacts\embeddings\token_selection\pages_M16\doc006_p013.npy
q006,doc004_p011,-0.7480664253234863,w6_N10_M16_none,None,artifacts\embeddings\full_multivector\queries\q006.npy,artifacts\embeddings\token_selection\pages_M16\doc004_p011.npy
q006,doc006_p024,-0.003037368878722191,w6_N10_M16_none,None,artifacts\embeddings\full_multivector\queries\q006.npy,artifacts\embeddings\token_selection\pages_M16\doc006_p024.npy
q006,doc004_p012,-0.17027251422405243,w6_N10_M16_none,None,artifacts\embeddings\full_multivector\queries\q006.npy,artifacts\embeddings\token_selection\pages_M16\doc004_p012.npy
q007,doc003_p004,-0.16405674815177917,w6_N10_M16_none,None,artifacts\embeddings\full_multivector\queries\q007.npy,artifacts\embeddings\token_selection\pages_M16\doc003_p004.npy
q007,doc006_p019,0.16388723254203796,w6_N10_M16_none,None,artifacts\embeddings\full_multivector\queries\q007.npy,artifacts\embeddings\token_selection\pages_M16\doc006_p019.npy
q007,doc003_p029,-0.4537355899810791,w6_N10_M16_none,None,artifacts\embeddings\full_multivector\queries\q007.npy,artifacts\embeddings\token_selection\pages_M16\doc003_p029.npy
q007,doc003_p021,-0.04227706044912338,w6_N10_M16_none,None,artifacts\embeddings\full_multivector\queries\q007.npy,artifacts\embeddings\token_selection\pages_M16\doc003_p021.npy
q007,doc001_p004,-0.46882468461990356,w6_N10_M16_none,None,artifacts\embeddings\full_multivector\queries\q007.npy,artifacts\embeddings\token_selection\pages_M16\doc001_p004.npy
q007,doc007_p001,-0.23120176792144775,w6_N10_M16_none,None,artifacts\embeddings\full_multivector\queries\q007.npy,artifacts\embeddings\token_selection\pages_M16\doc007_p001.npy
q007,doc006_p009,-0.11669647693634033,w6_N10_M16_none,None,artifacts\embeddings\full_multivector\queries\q007.npy,artifacts\embeddings\token_selection\pages_M16\doc006_p009.npy
q007,doc008_p002,-0.6621968746185303,w6_N10_M16_none,None,artifacts\embeddings\full_multivector\queries\q007.npy,artifacts\embeddings\token_selection\pages_M16\doc008_p002.npy
q007,doc006_p010,-0.15029554069042206,w6_N10_M16_none,None,artifacts\embeddings\full_multivector\queries\q007.npy,artifacts\embeddings\token_selection\pages_M16\doc006_p010.npy
q007,doc006_p008,-0.08697669953107834,w6_N10_M16_none,None,artifacts\embeddings\full_multivector\queries\q007.npy,artifacts\embeddings\token_selection\pages_M16\doc006_p008.npy
q008,doc006_p012,0.2793120741844177,w6_N10_M16_none,None,artifacts\embeddings\full_multivector\queries\q008.npy,artifacts\embeddings\token_selection\pages_M16\doc006_p012.npy
q008,doc003_p022,0.02065233886241913,w6_N10_M16_none,None,artifacts\embeddings\full_multivector\queries\q008.npy,artifacts\embeddings\token_selection\pages_M16\doc003_p022.npy
q008,doc003_p024,0.028385473415255547,w6_N10_M16_none,None,artifacts\embeddings\full_multivector\queries\q008.npy,artifacts\embeddings\token_selection\pages_M16\doc003_p024.npy
q008,doc003_p027,0.040629468858242035,w6_N10_M16_none,None,artifacts\embeddings\full_multivector\queries\q008.npy,artifacts\embeddings\token_selection\pages_M16\doc003_p027.npy
q008,doc004_p013,0.2797098457813263,w6_N10_M16_none,None,artifacts\embeddings\full_multivector\queries\q008.npy,artifacts\embeddings\token_selection\pages_M16\doc004_p013.npy
q008,doc003_p025,0.5362346768379211,w6_N10_M16_none,None,artifacts\embeddings\full_multivector\queries\q008.npy,artifacts\embeddings\token_selection\pages_M16\doc003_p025.npy
q008,doc003_p023,0.03898048400878906,w6_N10_M16_none,None,artifacts\embeddings\full_multivector\queries\q008.npy,artifacts\embeddings\token_selection\pages_M16\doc003_p023.npy
q008,doc006_p010,0.09277158975601196,w6_N10_M16_none,None,artifacts\embeddings\full_multivector\queries\q008.npy,artifacts\embeddings\token_selection\pages_M16\doc006_p010.npy
q008,doc006_p021,0.2019960731267929,w6_N10_M16_none,None,artifacts\embeddings\full_multivector\queries\q008.npy,artifacts\embeddings\token_selection\pages_M16\doc006_p021.npy
q008,doc004_p006,0.42912784218788147,w6_N10_M16_none,None,artifacts\embeddings\full_multivector\queries\q008.npy,artifacts\embeddings\token_selection\pages_M16\doc004_p006.npy
q009,doc006_p012,0.2914823293685913,w6_N10_M16_none,None,artifacts\embeddings\full_multivector\queries\q009.npy,artifacts\embeddings\token_selection\pages_M16\doc006_p012.npy
q009,doc003_p022,-0.02324056625366211,w6_N10_M16_none,None,artifacts\embeddings\full_multivector\queries\q009.npy,artifacts\embeddings\token_selection\pages_M16\doc003_p022.npy
q009,doc003_p027,0.06809565424919128,w6_N10_M16_none,None,artifacts\embeddings\full_multivector\queries\q009.npy,artifacts\embeddings\token_selection\pages_M16\doc003_p027.npy
q009,doc004_p013,0.31457000970840454,w6_N10_M16_none,None,artifacts\embeddings\full_multivector\queries\q009.npy,artifacts\embeddings\token_selection\pages_M16\doc004_p013.npy
q009,doc003_p024,0.06940850615501404,w6_N10_M16_none,None,artifacts\embeddings\full_multivector\queries\q009.npy,artifacts\embeddings\token_selection\pages_M16\doc003_p024.npy
q009,doc004_p006,0.5023810863494873,w6_N10_M16_none,None,artifacts\embeddings\full_multivector\queries\q009.npy,artifacts\embeddings\token_selection\pages_M16\doc004_p006.npy
q009,doc003_p025,0.6235238313674927,w6_N10_M16_none,None,artifacts\embeddings\full_multivector\queries\q009.npy,artifacts\embeddings\token_selection\pages_M16\doc003_p025.npy
q009,doc006_p010,0.13013997673988342,w6_N10_M16_none,None,artifacts\embeddings\full_multivector\queries\q009.npy,artifacts\embeddings\token_selection\pages_M16\doc006_p010.npy
q009,doc003_p023,0.09294526278972626,w6_N10_M16_none,None,artifacts\embeddings\full_multivector\queries\q009.npy,artifacts\embeddings\token_selection\pages_M16\doc003_p023.npy
q009,doc005_p008,-0.23722074925899506,w6_N10_M16_none,None,artifacts\embeddings\full_multivector\queries\q009.npy,artifacts\embeddings\token_selection\pages_M16\doc005_p008.npy
q010,doc005_p008,-0.24120047688484192,w6_N10_M16_none,None,artifacts\embeddings\full_multivector\queries\q010.npy,artifacts\embeddings\token_selection\pages_M16\doc005_p008.npy
q010,doc003_p010,0.04868407920002937,w6_N10_M16_none,None,artifacts\embeddings\full_multivector\queries\q010.npy,artifacts\embeddings\token_selection\pages_M16\doc003_p010.npy
q010,doc004_p012,0.03386018052697182,w6_N10_M16_none,None,artifacts\embeddings\full_multivector\queries\q010.npy,artifacts\embeddings\token_selection\pages_M16\doc004_p012.npy
q010,doc006_p020,0.04492570087313652,w6_N10_M16_none,None,artifacts\embeddings\full_multivector\queries\q010.npy,artifacts\embeddings\token_selection\pages_M16\doc006_p020.npy
q010,doc006_p021,0.26097753643989563,w6_N10_M16_none,None,artifacts\embeddings\full_multivector\queries\q010.npy,artifacts\embeddings\token_selection\pages_M16\doc006_p021.npy
q010,doc004_p018,0.16255000233650208,w6_N10_M16_none,None,artifacts\embeddings\full_multivector\queries\q010.npy,artifacts\embeddings\token_selection\pages_M16\doc004_p018.npy
q010,doc003_p011,0.20519791543483734,w6_N10_M16_none,None,artifacts\embeddings\full_multivector\queries\q010.npy,artifacts\embeddings\token_selection\pages_M16\doc003_p011.npy
q010,doc006_p024,0.4045283794403076,w6_N10_M16_none,None,artifacts\embeddings\full_multivector\queries\q010.npy,artifacts\embeddings\token_selection\pages_M16\doc006_p024.npy
q010,doc003_p013,0.3324587643146515,w6_N10_M16_none,None,artifacts\embeddings\full_multivector\queries\q010.npy,artifacts\embeddings\token_selection\pages_M16\doc003_p013.npy
q010,doc005_p002,-0.26719072461128235,w6_N10_M16_none,None,artifacts\embeddings\full_multivector\queries\q010.npy,artifacts\embeddings\token_selection\pages_M16\doc005_p002.npy
q011,doc006_p025,0.051664404571056366,w6_N10_M16_none,None,artifacts\embeddings\full_multivector\queries\q011.npy,artifacts\embeddings\token_selection\pages_M16\doc006_p025.npy
q011,doc006_p021,0.21273577213287354,w6_N10_M16_none,None,artifacts\embeddings\full_multivector\queries\q011.npy,artifacts\embeddings\token_selection\pages_M16\doc006_p021.npy
q011,doc005_p004,0.5132262110710144,w6_N10_M16_none,None,artifacts\embeddings\full_multivector\queries\q011.npy,artifacts\embeddings\token_selection\pages_M16\doc005_p004.npy
q011,doc005_p005,-0.6186308860778809,w6_N10_M16_none,None,artifacts\embeddings\full_multivector\queries\q011.npy,artifacts\embeddings\token_selection\pages_M16\doc005_p005.npy
q011,doc006_p022,0.04578781872987747,w6_N10_M16_none,None,artifacts\embeddings\full_multivector\queries\q011.npy,artifacts\embeddings\token_selection\pages_M16\doc006_p022.npy
q011,doc006_p020,-0.03274217247962952,w6_N10_M16_none,None,artifacts\embeddings\full_multivector\queries\q011.npy,artifacts\embeddings\token_selection\pages_M16\doc006_p020.npy
q011,doc006_p010,0.0033968761563301086,w6_N10_M16_none,None,artifacts\embeddings\full_multivector\queries\q011.npy,artifacts\embeddings\token_selection\pages_M16\doc006_p010.npy
q011,doc005_p008,-0.2483571320772171,w6_N10_M16_none,None,artifacts\embeddings\full_multivector\queries\q011.npy,artifacts\embeddings\token_selection\pages_M16\doc005_p008.npy
q011,doc001_p003,-0.6813644170761108,w6_N10_M16_none,None,artifacts\embeddings\full_multivector\queries\q011.npy,artifacts\embeddings\token_selection\pages_M16\doc001_p003.npy
q011,doc006_p012,0.14296585321426392,w6_N10_M16_none,None,artifacts\embeddings\full_multivector\queries\q011.npy,artifacts\embeddings\token_selection\pages_M16\doc006_p012.npy
q012,doc006_p025,-0.050550445914268494,w6_N10_M16_none,None,artifacts\embeddings\full_multivector\queries\q012.npy,artifacts\embeddings\token_selection\pages_M16\doc006_p025.npy
q012,doc006_p021,0.12258559465408325,w6_N10_M16_none,None,artifacts\embeddings\full_multivector\queries\q012.npy,artifacts\embeddings\token_selection\pages_M16\doc006_p021.npy
q012,doc005_p004,0.40375804901123047,w6_N10_M16_none,None,artifacts\embeddings\full_multivector\queries\q012.npy,artifacts\embeddings\token_selection\pages_M16\doc005_p004.npy
q012,doc006_p010,-0.09889066964387894,w6_N10_M16_none,None,artifacts\embeddings\full_multivector\queries\q012.npy,artifacts\embeddings\token_selection\pages_M16\doc006_p010.npy
q012,doc005_p005,-0.716735303401947,w6_N10_M16_none,None,artifacts\embeddings\full_multivector\queries\q012.npy,artifacts\embeddings\token_selection\pages_M16\doc005_p005.npy
q012,doc004_p018,0.18564975261688232,w6_N10_M16_none,None,artifacts\embeddings\full_multivector\queries\q012.npy,artifacts\embeddings\token_selection\pages_M16\doc004_p018.npy
q012,doc005_p008,-0.3166094422340393,w6_N10_M16_none,None,artifacts\embeddings\full_multivector\queries\q012.npy,artifacts\embeddings\token_selection\pages_M16\doc005_p008.npy
q012,doc006_p020,-0.10263039171695709,w6_N10_M16_none,None,artifacts\embeddings\full_multivector\queries\q012.npy,artifacts\embeddings\token_selection\pages_M16\doc006_p020.npy
q012,doc006_p022,-0.058399464935064316,w6_N10_M16_none,None,artifacts\embeddings\full_multivector\queries\q012.npy,artifacts\embeddings\token_selection\pages_M16\doc006_p022.npy
q012,doc006_p012,0.046195220202207565,w6_N10_M16_none,None,artifacts\embeddings\full_multivector\queries\q012.npy,artifacts\embeddings\token_selection\pages_M16\doc006_p012.npy
q013,doc006_p021,0.009622819721698761,w6_N10_M16_none,None,artifacts\embeddings\full_multivector\queries\q013.npy,artifacts\embeddings\token_selection\pages_M16\doc006_p021.npy
q013,doc006_p020,-0.24056509137153625,w6_N10_M16_none,None,artifacts\embeddings\full_multivector\queries\q013.npy,artifacts\embeddings\token_selection\pages_M16\doc006_p020.npy
q013,doc005_p004,0.05839039385318756,w6_N10_M16_none,None,artifacts\embeddings\full_multivector\queries\q013.npy,artifacts\embeddings\token_selection\pages_M16\doc005_p004.npy
q013,doc006_p022,-0.13482694327831268,w6_N10_M16_none,None,artifacts\embeddings\full_multivector\queries\q013.npy,artifacts\embeddings\token_selection\pages_M16\doc006_p022.npy
q013,doc006_p025,-0.03855864331126213,w6_N10_M16_none,None,artifacts\embeddings\full_multivector\queries\q013.npy,artifacts\embeddings\token_selection\pages_M16\doc006_p025.npy
q013,doc007_p001,-0.1265178620815277,w6_N10_M16_none,None,artifacts\embeddings\full_multivector\queries\q013.npy,artifacts\embeddings\token_selection\pages_M16\doc007_p001.npy
q013,doc006_p012,-0.051506951451301575,w6_N10_M16_none,None,artifacts\embeddings\full_multivector\queries\q013.npy,artifacts\embeddings\token_selection\pages_M16\doc006_p012.npy
q013,doc010_p002,-0.20648103952407837,w6_N10_M16_none,None,artifacts\embeddings\full_multivector\queries\q013.npy,artifacts\embeddings\token_selection\pages_M16\doc010_p002.npy
q013,doc006_p024,0.08175298571586609,w6_N10_M16_none,None,artifacts\embeddings\full_multivector\queries\q013.npy,artifacts\embeddings\token_selection\pages_M16\doc006_p024.npy
q013,doc007_p002,-0.054948050528764725,w6_N10_M16_none,None,artifacts\embeddings\full_multivector\queries\q013.npy,artifacts\embeddings\token_selection\pages_M16\doc007_p002.npy
q014,doc006_p020,-0.4531404376029968,w6_N10_M16_none,None,artifacts\embeddings\full_multivector\queries\q014.npy,artifacts\embeddings\token_selection\pages_M16\doc006_p020.npy
q014,doc006_p010,-0.28970444202423096,w6_N10_M16_none,None,artifacts\embeddings\full_multivector\queries\q014.npy,artifacts\embeddings\token_selection\pages_M16\doc006_p010.npy
q014,doc006_p012,-0.272365003824234,w6_N10_M16_none,None,artifacts\embeddings\full_multivector\queries\q014.npy,artifacts\embeddings\token_selection\pages_M16\doc006_p012.npy
q014,doc006_p021,-0.1707421839237213,w6_N10_M16_none,None,artifacts\embeddings\full_multivector\queries\q014.npy,artifacts\embeddings\token_selection\pages_M16\doc006_p021.npy
q014,doc007_p001,-0.3866388201713562,w6_N10_M16_none,None,artifacts\embeddings\full_multivector\queries\q014.npy,artifacts\embeddings\token_selection\pages_M16\doc007_p001.npy
q014,doc001_p003,-0.711502730846405,w6_N10_M16_none,None,artifacts\embeddings\full_multivector\queries\q014.npy,artifacts\embeddings\token_selection\pages_M16\doc001_p003.npy
q014,doc002_p001,-0.6509338617324829,w6_N10_M16_none,None,artifacts\embeddings\full_multivector\queries\q014.npy,artifacts\embeddings\token_selection\pages_M16\doc002_p001.npy
q014,doc006_p023,-0.13390587270259857,w6_N10_M16_none,None,artifacts\embeddings\full_multivector\queries\q014.npy,artifacts\embeddings\token_selection\pages_M16\doc006_p023.npy
q014,doc010_p002,-0.44797220826148987,w6_N10_M16_none,None,artifacts\embeddings\full_multivector\queries\q014.npy,artifacts\embeddings\token_selection\pages_M16\doc010_p002.npy
q014,doc005_p004,-0.19893412292003632,w6_N10_M16_none,None,artifacts\embeddings\full_multivector\queries\q014.npy,artifacts\embeddings\token_selection\pages_M16\doc005_p004.npy
q015,doc006_p025,-0.0034957081079483032,w6_N10_M16_none,None,artifacts\embeddings\full_multivector\queries\q015.npy,artifacts\embeddings\token_selection\pages_M16\doc006_p025.npy
q015,doc005_p004,0.46146225929260254,w6_N10_M16_none,None,artifacts\embeddings\full_multivector\queries\q015.npy,artifacts\embeddings\token_selection\pages_M16\doc005_p004.npy
q015,doc006_p021,0.14526166021823883,w6_N10_M16_none,None,artifacts\embeddings\full_multivector\queries\q015.npy,artifacts\embeddings\token_selection\pages_M16\doc006_p021.npy
q015,doc005_p005,-0.6499126553535461,w6_N10_M16_none,None,artifacts\embeddings\full_multivector\queries\q015.npy,artifacts\embeddings\token_selection\pages_M16\doc005_p005.npy
q015,doc005_p008,-0.3795839548110962,w6_N10_M16_none,None,artifacts\embeddings\full_multivector\queries\q015.npy,artifacts\embeddings\token_selection\pages_M16\doc005_p008.npy
q015,doc006_p022,-0.07415316998958588,w6_N10_M16_none,None,artifacts\embeddings\full_multivector\queries\q015.npy,artifacts\embeddings\token_selection\pages_M16\doc006_p022.npy
q015,doc002_p001,-0.6795093417167664,w6_N10_M16_none,None,artifacts\embeddings\full_multivector\queries\q015.npy,artifacts\embeddings\token_selection\pages_M16\doc002_p001.npy
q015,doc003_p006,0.19287270307540894,w6_N10_M16_none,None,artifacts\embeddings\full_multivector\queries\q015.npy,artifacts\embeddings\token_selection\pages_M16\doc003_p006.npy
q015,doc006_p020,-0.04699963331222534,w6_N10_M16_none,None,artifacts\embeddings\full_multivector\queries\q015.npy,artifacts\embeddings\token_selection\pages_M16\doc006_p020.npy
q015,doc006_p012,0.1302923709154129,w6_N10_M16_none,None,artifacts\embeddings\full_multivector\queries\q015.npy,artifacts\embeddings\token_selection\pages_M16\doc006_p012.npy
q016,doc006_p025,-0.04820246994495392,w6_N10_M16_none,None,artifacts\embeddings\full_multivector\queries\q016.npy,artifacts\embeddings\token_selection\pages_M16\doc006_p025.npy
q016,doc005_p008,-0.4593997895717621,w6_N10_M16_none,None,artifacts\embeddings\full_multivector\queries\q016.npy,artifacts\embeddings\token_selection\pages_M16\doc005_p008.npy
q016,doc005_p004,0.3877646327018738,w6_N10_M16_none,None,artifacts\embeddings\full_multivector\queries\q016.npy,artifacts\embeddings\token_selection\pages_M16\doc005_p004.npy
q016,doc005_p005,-0.7795006632804871,w6_N10_M16_none,None,artifacts\embeddings\full_multivector\queries\q016.npy,artifacts\embeddings\token_selection\pages_M16\doc005_p005.npy
q016,doc006_p021,0.1115708202123642,w6_N10_M16_none,None,artifacts\embeddings\full_multivector\queries\q016.npy,artifacts\embeddings\token_selection\pages_M16\doc006_p021.npy
q016,doc006_p010,-0.0964590460062027,w6_N10_M16_none,None,artifacts\embeddings\full_multivector\queries\q016.npy,artifacts\embeddings\token_selection\pages_M16\doc006_p010.npy
q016,doc006_p020,-0.08619528263807297,w6_N10_M16_none,None,artifacts\embeddings\full_multivector\queries\q016.npy,artifacts\embeddings\token_selection\pages_M16\doc006_p020.npy
q016,doc002_p001,-0.7759166359901428,w6_N10_M16_none,None,artifacts\embeddings\full_multivector\queries\q016.npy,artifacts\embeddings\token_selection\pages_M16\doc002_p001.npy
q016,doc006_p012,0.07252685725688934,w6_N10_M16_none,None,artifacts\embeddings\full_multivector\queries\q016.npy,artifacts\embeddings\token_selection\pages_M16\doc006_p012.npy
q016,doc006_p022,-0.12222368270158768,w6_N10_M16_none,None,artifacts\embeddings\full_multivector\queries\q016.npy,artifacts\embeddings\token_selection\pages_M16\doc006_p022.npy
q017,doc006_p021,0.03591533005237579,w6_N10_M16_none,None,artifacts\embeddings\full_multivector\queries\q017.npy,artifacts\embeddings\token_selection\pages_M16\doc006_p021.npy
q017,doc006_p020,-0.2225932627916336,w6_N10_M16_none,None,artifacts\embeddings\full_multivector\queries\q017.npy,artifacts\embeddings\token_selection\pages_M16\doc006_p020.npy
q017,doc006_p010,-0.18134310841560364,w6_N10_M16_none,None,artifacts\embeddings\full_multivector\queries\q017.npy,artifacts\embeddings\token_selection\pages_M16\doc006_p010.npy
q017,doc004_p013,0.03544395789504051,w6_N10_M16_none,None,artifacts\embeddings\full_multivector\queries\q017.npy,artifacts\embeddings\token_selection\pages_M16\doc004_p013.npy
q017,doc006_p012,0.0597924143075943,w6_N10_M16_none,None,artifacts\embeddings\full_multivector\queries\q017.npy,artifacts\embeddings\token_selection\pages_M16\doc006_p012.npy
q017,doc006_p025,-0.014683179557323456,w6_N10_M16_none,None,artifacts\embeddings\full_multivector\queries\q017.npy,artifacts\embeddings\token_selection\pages_M16\doc006_p025.npy
q017,doc003_p024,-0.17150428891181946,w6_N10_M16_none,None,artifacts\embeddings\full_multivector\queries\q017.npy,artifacts\embeddings\token_selection\pages_M16\doc003_p024.npy
q017,doc006_p022,-0.13644683361053467,w6_N10_M16_none,None,artifacts\embeddings\full_multivector\queries\q017.npy,artifacts\embeddings\token_selection\pages_M16\doc006_p022.npy
q017,doc010_p002,-0.37048205733299255,w6_N10_M16_none,None,artifacts\embeddings\full_multivector\queries\q017.npy,artifacts\embeddings\token_selection\pages_M16\doc010_p002.npy
q017,doc006_p013,-0.08344089239835739,w6_N10_M16_none,None,artifacts\embeddings\full_multivector\queries\q017.npy,artifacts\embeddings\token_selection\pages_M16\doc006_p013.npy
q018,doc006_p010,-0.10324563086032867,w6_N10_M16_none,None,artifacts\embeddings\full_multivector\queries\q018.npy,artifacts\embeddings\token_selection\pages_M16\doc006_p010.npy
q018,doc004_p013,0.09034154564142227,w6_N10_M16_none,None,artifacts\embeddings\full_multivector\queries\q018.npy,artifacts\embeddings\token_selection\pages_M16\doc004_p013.npy
q018,doc006_p012,0.11160410195589066,w6_N10_M16_none,None,artifacts\embeddings\full_multivector\queries\q018.npy,artifacts\embeddings\token_selection\pages_M16\doc006_p012.npy
q018,doc006_p020,-0.16575400531291962,w6_N10_M16_none,None,artifacts\embeddings\full_multivector\queries\q018.npy,artifacts\embeddings\token_selection\pages_M16\doc006_p020.npy
q018,doc006_p021,0.12763568758964539,w6_N10_M16_none,None,artifacts\embeddings\full_multivector\queries\q018.npy,artifacts\embeddings\token_selection\pages_M16\doc006_p021.npy
q018,doc003_p024,-0.11101002991199493,w6_N10_M16_none,None,artifacts\embeddings\full_multivector\queries\q018.npy,artifacts\embeddings\token_selection\pages_M16\doc003_p024.npy
q018,doc003_p022,-0.2970460057258606,w6_N10_M16_none,None,artifacts\embeddings\full_multivector\queries\q018.npy,artifacts\embeddings\token_selection\pages_M16\doc003_p022.npy
q018,doc006_p025,0.013729814440011978,w6_N10_M16_none,None,artifacts\embeddings\full_multivector\queries\q018.npy,artifacts\embeddings\token_selection\pages_M16\doc006_p025.npy
q018,doc004_p018,0.4673756957054138,w6_N10_M16_none,None,artifacts\embeddings\full_multivector\queries\q018.npy,artifacts\embeddings\token_selection\pages_M16\doc004_p018.npy
q018,doc010_p002,-0.27000075578689575,w6_N10_M16_none,None,artifacts\embeddings\full_multivector\queries\q018.npy,artifacts\embeddings\token_selection\pages_M16\doc010_p002.npy
q019,doc004_p013,0.24536529183387756,w6_N10_M16_none,None,artifacts\embeddings\full_multivector\queries\q019.npy,artifacts\embeddings\token_selection\pages_M16\doc004_p013.npy
q019,doc006_p012,0.1066550463438034,w6_N10_M16_none,None,artifacts\embeddings\full_multivector\queries\q019.npy,artifacts\embeddings\token_selection\pages_M16\doc006_p012.npy
q019,doc006_p010,-0.014054376631975174,w6_N10_M16_none,None,artifacts\embeddings\full_multivector\queries\q019.npy,artifacts\embeddings\token_selection\pages_M16\doc006_p010.npy
q019,doc003_p024,-0.23518282175064087,w6_N10_M16_none,None,artifacts\embeddings\full_multivector\queries\q019.npy,artifacts\embeddings\token_selection\pages_M16\doc003_p024.npy
q019,doc006_p020,-0.16954173147678375,w6_N10_M16_none,None,artifacts\embeddings\full_multivector\queries\q019.npy,artifacts\embeddings\token_selection\pages_M16\doc006_p020.npy
q019,doc003_p022,-0.25203463435173035,w6_N10_M16_none,None,artifacts\embeddings\full_multivector\queries\q019.npy,artifacts\embeddings\token_selection\pages_M16\doc003_p022.npy
q019,doc005_p004,0.2567594051361084,w6_N10_M16_none,None,artifacts\embeddings\full_multivector\queries\q019.npy,artifacts\embeddings\token_selection\pages_M16\doc005_p004.npy
q019,doc003_p025,0.5549952387809753,w6_N10_M16_none,None,artifacts\embeddings\full_multivector\queries\q019.npy,artifacts\embeddings\token_selection\pages_M16\doc003_p025.npy
q019,doc005_p008,-0.5515209436416626,w6_N10_M16_none,None,artifacts\embeddings\full_multivector\queries\q019.npy,artifacts\embeddings\token_selection\pages_M16\doc005_p008.npy
q019,doc006_p021,0.001255739014595747,w6_N10_M16_none,None,artifacts\embeddings\full_multivector\queries\q019.npy,artifacts\embeddings\token_selection\pages_M16\doc006_p021.npy
q020,doc005_p004,0.533247172832489,w6_N10_M16_none,None,artifacts\embeddings\full_multivector\queries\q020.npy,artifacts\embeddings\token_selection\pages_M16\doc005_p004.npy
q020,doc005_p005,-0.37101757526397705,w6_N10_M16_none,None,artifacts\embeddings\full_multivector\queries\q020.npy,artifacts\embeddings\token_selection\pages_M16\doc005_p005.npy
q020,doc006_p021,0.3469699025154114,w6_N10_M16_none,None,artifacts\embeddings\full_multivector\queries\q020.npy,artifacts\embeddings\token_selection\pages_M16\doc006_p021.npy
q020,doc006_p025,0.25521597266197205,w6_N10_M16_none,None,artifacts\embeddings\full_multivector\queries\q020.npy,artifacts\embeddings\token_selection\pages_M16\doc006_p025.npy
q020,doc003_p006,0.3980105519294739,w6_N10_M16_none,None,artifacts\embeddings\full_multivector\queries\q020.npy,artifacts\embeddings\token_selection\pages_M16\doc003_p006.npy
q020,doc006_p012,0.3624677062034607,w6_N10_M16_none,None,artifacts\embeddings\full_multivector\queries\q020.npy,artifacts\embeddings\token_selection\pages_M16\doc006_p012.npy
q020,doc006_p022,0.2525067627429962,w6_N10_M16_none,None,artifacts\embeddings\full_multivector\queries\q020.npy,artifacts\embeddings\token_selection\pages_M16\doc006_p022.npy
q020,doc004_p013,0.27276453375816345,w6_N10_M16_none,None,artifacts\embeddings\full_multivector\queries\q020.npy,artifacts\embeddings\token_selection\pages_M16\doc004_p013.npy
q020,doc004_p012,0.23498860001564026,w6_N10_M16_none,None,artifacts\embeddings\full_multivector\queries\q020.npy,artifacts\embeddings\token_selection\pages_M16\doc004_p012.npy
q020,doc003_p024,0.1648067981004715,w6_N10_M16_none,None,artifacts\embeddings\full_multivector\queries\q020.npy,artifacts\embeddings\token_selection\pages_M16\doc003_p024.npy
q021,doc005_p005,-0.5797369480133057,w6_N10_M16_none,None,artifacts\embeddings\full_multivector\queries\q021.npy,artifacts\embeddings\token_selection\pages_M16\doc005_p005.npy
q021,doc005_p004,0.33798983693122864,w6_N10_M16_none,None,artifacts\embeddings\full_multivector\queries\q021.npy,artifacts\embeddings\token_selection\pages_M16\doc005_p004.npy
q021,doc005_p008,-0.2779400944709778,w6_N10_M16_none,None,artifacts\embeddings\full_multivector\queries\q021.npy,artifacts\embeddings\token_selection\pages_M16\doc005_p008.npy
q021,doc006_p025,0.10197590291500092,w6_N10_M16_none,None,artifacts\embeddings\full_multivector\queries\q021.npy,artifacts\embeddings\token_selection\pages_M16\doc006_p025.npy
q021,doc006_p021,0.19597545266151428,w6_N10_M16_none,None,artifacts\embeddings\full_multivector\queries\q021.npy,artifacts\embeddings\token_selection\pages_M16\doc006_p021.npy
q021,doc003_p006,0.3386896252632141,w6_N10_M16_none,None,artifacts\embeddings\full_multivector\queries\q021.npy,artifacts\embeddings\token_selection\pages_M16\doc003_p006.npy
q021,doc006_p012,0.19788694381713867,w6_N10_M16_none,None,artifacts\embeddings\full_multivector\queries\q021.npy,artifacts\embeddings\token_selection\pages_M16\doc006_p012.npy
q021,doc006_p020,0.0289932694286108,w6_N10_M16_none,None,artifacts\embeddings\full_multivector\queries\q021.npy,artifacts\embeddings\token_selection\pages_M16\doc006_p020.npy
q021,doc004_p012,0.051434967666864395,w6_N10_M16_none,None,artifacts\embeddings\full_multivector\queries\q021.npy,artifacts\embeddings\token_selection\pages_M16\doc004_p012.npy
q021,doc001_p003,-0.46218353509902954,w6_N10_M16_none,None,artifacts\embeddings\full_multivector\queries\q021.npy,artifacts\embeddings\token_selection\pages_M16\doc001_p003.npy
q022,doc005_p008,-0.49036675691604614,w6_N10_M16_none,None,artifacts\embeddings\full_multivector\queries\q022.npy,artifacts\embeddings\token_selection\pages_M16\doc005_p008.npy
q022,doc003_p022,-0.4747394025325775,w6_N10_M16_none,None,artifacts\embeddings\full_multivector\queries\q022.npy,artifacts\embeddings\token_selection\pages_M16\doc003_p022.npy
q022,doc005_p004,0.07176754623651505,w6_N10_M16_none,None,artifacts\embeddings\full_multivector\queries\q022.npy,artifacts\embeddings\token_selection\pages_M16\doc005_p004.npy
q022,doc005_p002,-0.4845222234725952,w6_N10_M16_none,None,artifacts\embeddings\full_multivector\queries\q022.npy,artifacts\embeddings\token_selection\pages_M16\doc005_p002.npy
q022,doc003_p025,0.2269933968782425,w6_N10_M16_none,None,artifacts\embeddings\full_multivector\queries\q022.npy,artifacts\embeddings\token_selection\pages_M16\doc003_p025.npy
q022,doc003_p024,-0.2015763372182846,w6_N10_M16_none,None,artifacts\embeddings\full_multivector\queries\q022.npy,artifacts\embeddings\token_selection\pages_M16\doc003_p024.npy
q022,doc004_p006,-0.09742511808872223,w6_N10_M16_none,None,artifacts\embeddings\full_multivector\queries\q022.npy,artifacts\embeddings\token_selection\pages_M16\doc004_p006.npy
q022,doc004_p013,-0.1688663810491562,w6_N10_M16_none,None,artifacts\embeddings\full_multivector\queries\q022.npy,artifacts\embeddings\token_selection\pages_M16\doc004_p013.npy
q022,doc004_p012,-0.14932483434677124,w6_N10_M16_none,None,artifacts\embeddings\full_multivector\queries\q022.npy,artifacts\embeddings\token_selection\pages_M16\doc004_p012.npy
q022,doc003_p006,0.0021460577845573425,w6_N10_M16_none,None,artifacts\embeddings\full_multivector\queries\q022.npy,artifacts\embeddings\token_selection\pages_M16\doc003_p006.npy
q023,doc005_p008,-0.502153217792511,w6_N10_M16_none,None,artifacts\embeddings\full_multivector\queries\q023.npy,artifacts\embeddings\token_selection\pages_M16\doc005_p008.npy
q023,doc003_p022,-0.496898889541626,w6_N10_M16_none,None,artifacts\embeddings\full_multivector\queries\q023.npy,artifacts\embeddings\token_selection\pages_M16\doc003_p022.npy
q023,doc005_p004,-0.034049421548843384,w6_N10_M16_none,None,artifacts\embeddings\full_multivector\queries\q023.npy,artifacts\embeddings\token_selection\pages_M16\doc005_p004.npy
q023,doc005_p002,-0.5719953775405884,w6_N10_M16_none,None,artifacts\embeddings\full_multivector\queries\q023.npy,artifacts\embeddings\token_selection\pages_M16\doc005_p002.npy
q023,doc004_p006,-0.19880756735801697,w6_N10_M16_none,None,artifacts\embeddings\full_multivector\queries\q023.npy,artifacts\embeddings\token_selection\pages_M16\doc004_p006.npy
q023,doc003_p025,0.14010141789913177,w6_N10_M16_none,None,artifacts\embeddings\full_multivector\queries\q023.npy,artifacts\embeddings\token_selection\pages_M16\doc003_p025.npy
q023,doc004_p013,-0.17612899839878082,w6_N10_M16_none,None,artifacts\embeddings\full_multivector\queries\q023.npy,artifacts\embeddings\token_selection\pages_M16\doc004_p013.npy
q023,doc003_p024,-0.2945146858692169,w6_N10_M16_none,None,artifacts\embeddings\full_multivector\queries\q023.npy,artifacts\embeddings\token_selection\pages_M16\doc003_p024.npy
q023,doc005_p005,-0.3740209937095642,w6_N10_M16_none,None,artifacts\embeddings\full_multivector\queries\q023.npy,artifacts\embeddings\token_selection\pages_M16\doc005_p005.npy
q023,doc003_p006,-0.058367885649204254,w6_N10_M16_none,None,artifacts\embeddings\full_multivector\queries\q023.npy,artifacts\embeddings\token_selection\pages_M16\doc003_p006.npy
q024,doc005_p004,0.14687126874923706,w6_N10_M16_none,None,artifacts\embeddings\full_multivector\queries\q024.npy,artifacts\embeddings\token_selection\pages_M16\doc005_p004.npy
q024,doc003_p022,-0.6782554388046265,w6_N10_M16_none,None,artifacts\embeddings\full_multivector\queries\q024.npy,artifacts\embeddings\token_selection\pages_M16\doc003_p022.npy
q024,doc003_p024,-0.3786119818687439,w6_N10_M16_none,None,artifacts\embeddings\full_multivector\queries\q024.npy,artifacts\embeddings\token_selection\pages_M16\doc003_p024.npy
q024,doc005_p005,-0.32934439182281494,w6_N10_M16_none,None,artifacts\embeddings\full_multivector\queries\q024.npy,artifacts\embeddings\token_selection\pages_M16\doc005_p005.npy
q024,doc003_p025,0.24103692173957825,w6_N10_M16_none,None,artifacts\embeddings\full_multivector\queries\q024.npy,artifacts\embeddings\token_selection\pages_M16\doc003_p025.npy
q024,doc004_p013,-0.21173059940338135,w6_N10_M16_none,None,artifacts\embeddings\full_multivector\queries\q024.npy,artifacts\embeddings\token_selection\pages_M16\doc004_p013.npy
q024,doc003_p006,0.21410351991653442,w6_N10_M16_none,None,artifacts\embeddings\full_multivector\queries\q024.npy,artifacts\embeddings\token_selection\pages_M16\doc003_p006.npy
q024,doc006_p010,-0.34281545877456665,w6_N10_M16_none,None,artifacts\embeddings\full_multivector\queries\q024.npy,artifacts\embeddings\token_selection\pages_M16\doc006_p010.npy
q024,doc003_p027,-0.35965636372566223,w6_N10_M16_none,None,artifacts\embeddings\full_multivector\queries\q024.npy,artifacts\embeddings\token_selection\pages_M16\doc003_p027.npy
q024,doc005_p002,-0.6921906471252441,w6_N10_M16_none,None,artifacts\embeddings\full_multivector\queries\q024.npy,artifacts\embeddings\token_selection\pages_M16\doc005_p002.npy
q025,doc005_p004,0.0686984658241272,w6_N10_M16_none,None,artifacts\embeddings\full_multivector\queries\q025.npy,artifacts\embeddings\token_selection\pages_M16\doc005_p004.npy
q025,doc003_p022,-0.40367811918258667,w6_N10_M16_none,None,artifacts\embeddings\full_multivector\queries\q025.npy,artifacts\embeddings\token_selection\pages_M16\doc003_p022.npy
q025,doc003_p006,0.2156803458929062,w6_N10_M16_none,None,artifacts\embeddings\full_multivector\queries\q025.npy,artifacts\embeddings\token_selection\pages_M16\doc003_p006.npy
q025,doc005_p005,-0.29928937554359436,w6_N10_M16_none,None,artifacts\embeddings\full_multivector\queries\q025.npy,artifacts\embeddings\token_selection\pages_M16\doc005_p005.npy
q025,doc006_p010,-0.23319774866104126,w6_N10_M16_none,None,artifacts\embeddings\full_multivector\queries\q025.npy,artifacts\embeddings\token_selection\pages_M16\doc006_p010.npy
q025,doc003_p024,-0.21296612918376923,w6_N10_M16_none,None,artifacts\embeddings\full_multivector\queries\q025.npy,artifacts\embeddings\token_selection\pages_M16\doc003_p024.npy
q025,doc004_p013,-0.10838188230991364,w6_N10_M16_none,None,artifacts\embeddings\full_multivector\queries\q025.npy,artifacts\embeddings\token_selection\pages_M16\doc004_p013.npy
q025,doc003_p025,0.22353462874889374,w6_N10_M16_none,None,artifacts\embeddings\full_multivector\queries\q025.npy,artifacts\embeddings\token_selection\pages_M16\doc003_p025.npy
q025,doc006_p012,-0.09053315967321396,w6_N10_M16_none,None,artifacts\embeddings\full_multivector\queries\q025.npy,artifacts\embeddings\token_selection\pages_M16\doc006_p012.npy
q025,doc005_p002,-0.49283936619758606,w6_N10_M16_none,None,artifacts\embeddings\full_multivector\queries\q025.npy,artifacts\embeddings\token_selection\pages_M16\doc005_p002.npy
q026,doc005_p008,-0.4230473041534424,w6_N10_M16_none,None,artifacts\embeddings\full_multivector\queries\q026.npy,artifacts\embeddings\token_selection\pages_M16\doc005_p008.npy
q026,doc005_p004,0.1327354609966278,w6_N10_M16_none,None,artifacts\embeddings\full_multivector\queries\q026.npy,artifacts\embeddings\token_selection\pages_M16\doc005_p004.npy
q026,doc005_p002,-0.44066041707992554,w6_N10_M16_none,None,artifacts\embeddings\full_multivector\queries\q026.npy,artifacts\embeddings\token_selection\pages_M16\doc005_p002.npy
q026,doc003_p022,-0.4688984751701355,w6_N10_M16_none,None,artifacts\embeddings\full_multivector\queries\q026.npy,artifacts\embeddings\token_selection\pages_M16\doc003_p022.npy
q026,doc004_p012,-0.08855553716421127,w6_N10_M16_none,None,artifacts\embeddings\full_multivector\queries\q026.npy,artifacts\embeddings\token_selection\pages_M16\doc004_p012.npy
q026,doc004_p006,-0.05487658083438873,w6_N10_M16_none,None,artifacts\embeddings\full_multivector\queries\q026.npy,artifacts\embeddings\token_selection\pages_M16\doc004_p006.npy
q026,doc005_p005,-0.2667744755744934,w6_N10_M16_none,None,artifacts\embeddings\full_multivector\queries\q026.npy,artifacts\embeddings\token_selection\pages_M16\doc005_p005.npy
q026,doc003_p006,0.034114476293325424,w6_N10_M16_none,None,artifacts\embeddings\full_multivector\queries\q026.npy,artifacts\embeddings\token_selection\pages_M16\doc003_p006.npy
q026,doc003_p025,0.28505760431289673,w6_N10_M16_none,None,artifacts\embeddings\full_multivector\queries\q026.npy,artifacts\embeddings\token_selection\pages_M16\doc003_p025.npy
q026,doc006_p025,-0.03411231189966202,w6_N10_M16_none,None,artifacts\embeddings\full_multivector\queries\q026.npy,artifacts\embeddings\token_selection\pages_M16\doc006_p025.npy
q027,doc005_p008,-0.4223523736000061,w6_N10_M16_none,None,artifacts\embeddings\full_multivector\queries\q027.npy,artifacts\embeddings\token_selection\pages_M16\doc005_p008.npy
q027,doc005_p004,0.03184324502944946,w6_N10_M16_none,None,artifacts\embeddings\full_multivector\queries\q027.npy,artifacts\embeddings\token_selection\pages_M16\doc005_p004.npy
q027,doc004_p006,-0.1521897166967392,w6_N10_M16_none,None,artifacts\embeddings\full_multivector\queries\q027.npy,artifacts\embeddings\token_selection\pages_M16\doc004_p006.npy
q027,doc003_p022,-0.5043812394142151,w6_N10_M16_none,None,artifacts\embeddings\full_multivector\queries\q027.npy,artifacts\embeddings\token_selection\pages_M16\doc003_p022.npy
q027,doc005_p005,-0.31931155920028687,w6_N10_M16_none,None,artifacts\embeddings\full_multivector\queries\q027.npy,artifacts\embeddings\token_selection\pages_M16\doc005_p005.npy
q027,doc005_p002,-0.5322030782699585,w6_N10_M16_none,None,artifacts\embeddings\full_multivector\queries\q027.npy,artifacts\embeddings\token_selection\pages_M16\doc005_p002.npy
q027,doc003_p006,-0.015593960881233215,w6_N10_M16_none,None,artifacts\embeddings\full_multivector\queries\q027.npy,artifacts\embeddings\token_selection\pages_M16\doc003_p006.npy
q027,doc003_p025,0.20153629779815674,w6_N10_M16_none,None,artifacts\embeddings\full_multivector\queries\q027.npy,artifacts\embeddings\token_selection\pages_M16\doc003_p025.npy
q027,doc004_p013,-0.1964414268732071,w6_N10_M16_none,None,artifacts\embeddings\full_multivector\queries\q027.npy,artifacts\embeddings\token_selection\pages_M16\doc004_p013.npy
q027,doc003_p024,-0.22949251532554626,w6_N10_M16_none,None,artifacts\embeddings\full_multivector\queries\q027.npy,artifacts\embeddings\token_selection\pages_M16\doc003_p024.npy
q028,doc004_p012,-0.11282473802566528,w6_N10_M16_none,None,artifacts\embeddings\full_multivector\queries\q028.npy,artifacts\embeddings\token_selection\pages_M16\doc004_p012.npy
q028,doc001_p003,-0.7059088945388794,w6_N10_M16_none,None,artifacts\embeddings\full_multivector\queries\q028.npy,artifacts\embeddings\token_selection\pages_M16\doc001_p003.npy
q028,doc004_p011,-0.725986659526825,w6_N10_M16_none,None,artifacts\embeddings\full_multivector\queries\q028.npy,artifacts\embeddings\token_selection\pages_M16\doc004_p011.npy
q028,doc006_p010,-0.046431560069322586,w6_N10_M16_none,None,artifacts\embeddings\full_multivector\queries\q028.npy,artifacts\embeddings\token_selection\pages_M16\doc006_p010.npy
q028,doc003_p002,0.17423459887504578,w6_N10_M16_none,None,artifacts\embeddings\full_multivector\queries\q028.npy,artifacts\embeddings\token_selection\pages_M16\doc003_p002.npy
q028,doc001_p002,-0.021429188549518585,w6_N10_M16_none,None,artifacts\embeddings\full_multivector\queries\q028.npy,artifacts\embeddings\token_selection\pages_M16\doc001_p002.npy
q028,doc003_p025,0.15457916259765625,w6_N10_M16_none,None,artifacts\embeddings\full_multivector\queries\q028.npy,artifacts\embeddings\token_selection\pages_M16\doc003_p025.npy
q028,doc005_p002,-0.45023030042648315,w6_N10_M16_none,None,artifacts\embeddings\full_multivector\queries\q028.npy,artifacts\embeddings\token_selection\pages_M16\doc005_p002.npy
q028,doc003_p024,-0.2503938674926758,w6_N10_M16_none,None,artifacts\embeddings\full_multivector\queries\q028.npy,artifacts\embeddings\token_selection\pages_M16\doc003_p024.npy
q028,doc001_p004,-0.3202904462814331,w6_N10_M16_none,None,artifacts\embeddings\full_multivector\queries\q028.npy,artifacts\embeddings\token_selection\pages_M16\doc001_p004.npy
q029,doc006_p020,-0.45145922899246216,w6_N10_M16_none,None,artifacts\embeddings\full_multivector\queries\q029.npy,artifacts\embeddings\token_selection\pages_M16\doc006_p020.npy
q029,doc006_p010,-0.18440638482570648,w6_N10_M16_none,None,artifacts\embeddings\full_multivector\queries\q029.npy,artifacts\embeddings\token_selection\pages_M16\doc006_p010.npy
q029,doc006_p021,-0.07637255638837814,w6_N10_M16_none,None,artifacts\embeddings\full_multivector\queries\q029.npy,artifacts\embeddings\token_selection\pages_M16\doc006_p021.npy
q029,doc004_p013,0.3760313391685486,w6_N10_M16_none,None,artifacts\embeddings\full_multivector\queries\q029.npy,artifacts\embeddings\token_selection\pages_M16\doc004_p013.npy
q029,doc005_p008,-0.5730267763137817,w6_N10_M16_none,None,artifacts\embeddings\full_multivector\queries\q029.npy,artifacts\embeddings\token_selection\pages_M16\doc005_p008.npy
q029,doc006_p024,0.1071353554725647,w6_N10_M16_none,None,artifacts\embeddings\full_multivector\queries\q029.npy,artifacts\embeddings\token_selection\pages_M16\doc006_p024.npy
q029,doc006_p012,-0.19919590651988983,w6_N10_M16_none,None,artifacts\embeddings\full_multivector\queries\q029.npy,artifacts\embeddings\token_selection\pages_M16\doc006_p012.npy
q029,doc004_p018,0.08180777728557587,w6_N10_M16_none,None,artifacts\embeddings\full_multivector\queries\q029.npy,artifacts\embeddings\token_selection\pages_M16\doc004_p018.npy
q029,doc006_p023,-0.05100225284695625,w6_N10_M16_none,None,artifacts\embeddings\full_multivector\queries\q029.npy,artifacts\embeddings\token_selection\pages_M16\doc006_p023.npy
q029,doc006_p025,-0.20865222811698914,w6_N10_M16_none,None,artifacts\embeddings\full_multivector\queries\q029.npy,artifacts\embeddings\token_selection\pages_M16\doc006_p025.npy
q030,doc005_p008,-0.24685926735401154,w6_N10_M16_none,None,artifacts\embeddings\full_multivector\queries\q030.npy,artifacts\embeddings\token_selection\pages_M16\doc005_p008.npy
q030,doc005_p004,0.2231433093547821,w6_N10_M16_none,None,artifacts\embeddings\full_multivector\queries\q030.npy,artifacts\embeddings\token_selection\pages_M16\doc005_p004.npy
q030,doc002_p001,-0.5954023003578186,w6_N10_M16_none,None,artifacts\embeddings\full_multivector\queries\q030.npy,artifacts\embeddings\token_selection\pages_M16\doc002_p001.npy
q030,doc006_p021,-0.11595144122838974,w6_N10_M16_none,None,artifacts\embeddings\full_multivector\queries\q030.npy,artifacts\embeddings\token_selection\pages_M16\doc006_p021.npy
q030,doc006_p025,-0.23197877407073975,w6_N10_M16_none,None,artifacts\embeddings\full_multivector\queries\q030.npy,artifacts\embeddings\token_selection\pages_M16\doc006_p025.npy
q030,doc006_p020,-0.25904878973960876,w6_N10_M16_none,None,artifacts\embeddings\full_multivector\queries\q030.npy,artifacts\embeddings\token_selection\pages_M16\doc006_p020.npy
q030,doc005_p005,-0.5770273208618164,w6_N10_M16_none,None,artifacts\embeddings\full_multivector\queries\q030.npy,artifacts\embeddings\token_selection\pages_M16\doc005_p005.npy
q030,doc004_p006,0.0778670459985733,w6_N10_M16_none,None,artifacts\embeddings\full_multivector\queries\q030.npy,artifacts\embeddings\token_selection\pages_M16\doc004_p006.npy
q030,doc001_p003,-0.8934125304222107,w6_N10_M16_none,None,artifacts\embeddings\full_multivector\queries\q030.npy,artifacts\embeddings\token_selection\pages_M16\doc001_p003.npy
q030,doc006_p012,-0.18944807350635529,w6_N10_M16_none,None,artifacts\embeddings\full_multivector\queries\q030.npy,artifacts\embeddings\token_selection\pages_M16\doc006_p012.npy
