query_id,page_id,score,run_name,bits,query_file,page_file
q001,doc003_p004,0.32889923453330994,w6_N10_M24_pq_b4,4,artifacts\embeddings\full_multivector\queries\q001.npy,artifacts\embeddings\joint_compression\pages_M24_pq_b4\doc003_p004.npy
q001,doc001_p004,0.5821306109428406,w6_N10_M24_pq_b4,4,artifacts\embeddings\full_multivector\queries\q001.npy,artifacts\embeddings\joint_compression\pages_M24_pq_b4\doc001_p004.npy
q001,doc006_p008,0.644794762134552,w6_N10_M24_pq_b4,4,artifacts\embeddings\full_multivector\queries\q001.npy,artifacts\embeddings\joint_compression\pages_M24_pq_b4\doc006_p008.npy
q001,doc008_p001,0.5821306109428406,w6_N10_M24_pq_b4,4,artifacts\embeddings\full_multivector\queries\q001.npy,artifacts\embeddings\joint_compression\pages_M24_pq_b4\doc008_p001.npy
q001,doc001_p003,-0.3186337351799011,w6_N10_M24_pq_b4,4,artifacts\embeddings\full_multivector\queries\q001.npy,artifacts\embeddings\joint_compression\pages_M24_pq_b4\doc001_p003.npy
q001,doc001_p001,0.2960619330406189,w6_N10_M24_pq_b4,4,artifacts\embeddings\full_multivector\queries\q001.npy,artifacts\embeddings\joint_compression\pages_M24_pq_b4\doc001_p001.npy
q001,doc009_p001,-0.2626554071903229,w6_N10_M24_pq_b4,4,artifacts\embeddings\full_multivector\queries\q001.npy,artifacts\embeddings\joint_compression\pages_M24_pq_b4\doc009_p001.npy
q001,doc006_p019,0.5821306109428406,w6_N10_M24_pq_b4,4,artifacts\embeddings\full_multivector\queries\q001.npy,artifacts\embeddings\joint_compression\pages_M24_pq_b4\doc006_p019.npy
q001,doc008_p002,-0.545271635055542,w6_N10_M24_pq_b4,4,artifacts\embeddings\full_multivector\queries\q001.npy,artifacts\embeddings\joint_compression\pages_M24_pq_b4\doc008_p002.npy
q001,doc006_p027,0.5821306109428406,w6_N10_M24_pq_b4,4,artifacts\embeddings\full_multivector\queries\q001.npy,artifacts\embeddings\joint_compression\pages_M24_pq_b4\doc006_p027.npy
q002,doc006_p010,-0.5114811658859253,w6_N10_M24_pq_b4,4,artifacts\embeddings\full_multivector\queries\q002.npy,artifacts\embeddings\joint_compression\pages_M24_pq_b4\doc006_p010.npy
q002,doc004_p009,-0.8081070780754089,w6_N10_M24_pq_b4,4,artifacts\embeddings\full_multivector\queries\q002.npy,artifacts\embeddings\joint_compression\pages_M24_pq_b4\doc004_p009.npy
q002,doc004_p010,-0.5077028870582581,w6_N10_M24_pq_b4,4,artifacts\embeddings\full_multivector\queries\q002.npy,artifacts\embeddings\joint_compression\pages_M24_pq_b4\doc004_p010.npy
q002,doc006_p020,-0.5081518292427063,w6_N10_M24_pq_b4,4,artifacts\embeddings\full_multivector\queries\q002.npy,artifacts\embeddings\joint_compression\pages_M24_pq_b4\doc006_p020.npy
q002,doc006_p013,-0.5108270049095154,w6_N10_M24_pq_b4,4,artifacts\embeddings\full_multivector\queries\q002.npy,artifacts\embeddings\joint_compression\pages_M24_pq_b4\doc006_p013.npy
q002,doc006_p012,-0.5262017250061035,w6_N10_M24_pq_b4,4,artifacts\embeddings\full_multivector\queries\q002.npy,artifacts\embeddings\joint_compression\pages_M24_pq_b4\doc006_p012.npy
q002,doc007_p001,-1.0151902437210083,w6_N10_M24_pq_b4,4,artifacts\embeddings\full_multivector\queries\q002.npy,artifacts\embeddings\joint_compression\pages_M24_pq_b4\doc007_p001.npy
q002,doc006_p021,-0.5262017250061035,w6_N10_M24_pq_b4,4,artifacts\embeddings\full_multivector\queries\q002.npy,artifacts\embeddings\joint_compression\pages_M24_pq_b4\doc006_p021.npy
q002,doc003_p022,-0.8077678680419922,w6_N10_M24_pq_b4,4,artifacts\embeddings\full_multivector\queries\q002.npy,artifacts\embeddings\joint_compression\pages_M24_pq_b4\doc003_p022.npy
q002,doc001_p002,-0.5256444215774536,w6_N10_M24_pq_b4,4,artifacts\embeddings\full_multivector\queries\q002.npy,artifacts\embeddings\joint_compression\pages_M24_pq_b4\doc001_p002.npy
q003,doc006_p010,-0.6343031525611877,w6_N10_M24_pq_b4,4,artifacts\embeddings\full_multivector\queries\q003.npy,artifacts\embeddings\joint_compression\pages_M24_pq_b4\doc006_p010.npy
q003,doc007_p001,-1.1352994441986084,w6_N10_M24_pq_b4,4,artifacts\embeddings\full_multivector\queries\q003.npy,artifacts\embeddings\joint_compression\pages_M24_pq_b4\doc007_p001.npy
q003,doc006_p009,-0.833178699016571,w6_N10_M24_pq_b4,4,artifacts\embeddings\full_multivector\queries\q003.npy,artifacts\embeddings\joint_compression\pages_M24_pq_b4\doc006_p009.npy
q003,doc006_p007,-0.6344184279441833,w6_N10_M24_pq_b4,4,artifacts\embeddings\full_multivector\queries\q003.npy,artifacts\embeddings\joint_compression\pages_M24_pq_b4\doc006_p007.npy
q003,doc001_p004,-0.6318915486335754,w6_N10_M24_pq_b4,4,artifacts\embeddings\full_multivector\queries\q003.npy,artifacts\embeddings\joint_compression\pages_M24_pq_b4\doc001_p004.npy
q003,doc003_p013,-0.6590171456336975,w6_N10_M24_pq_b4,4,artifacts\embeddings\full_multivector\queries\q003.npy,artifacts\embeddings\joint_compression\pages_M24_pq_b4\doc003_p013.npy
q003,doc004_p007,-0.6239985823631287,w6_N10_M24_pq_b4,4,artifacts\embeddings\full_multivector\queries\q003.npy,artifacts\embeddings\joint_compression\pages_M24_pq_b4\doc004_p007.npy
q003,doc006_p024,-0.6081384420394897,w6_N10_M24_pq_b4,4,artifacts\embeddings\full_multivector\queries\q003.npy,artifacts\embeddings\joint_compression\pages_M24_pq_b4\doc006_p024.npy
q003,doc006_p008,-0.5981863737106323,w6_N10_M24_pq_b4,4,artifacts\embeddings\full_multivector\queries\q003.npy,artifacts\embeddings\joint_compression\pages_M24_pq_b4\doc006_p008.npy
q003,doc001_p003,-1.2735083103179932,w6_N10_M24_pq_b4,4,artifacts\embeddings\full_multivector\queries\q003.npy,artifacts\embeddings\joint_compression\pages_M24_pq_b4\doc001_p003.npy
q004,doc006_p013,0.27013376355171204,w6_N10_M24_pq_b4,4,artifacts\embeddings\full_multivector\queries\q004.npy,artifacts\embeddings\joint_compression\pages_M24_pq_b4\doc006_p013.npy
q004,doc010_p001,-0.44958385825157166,w6_N10_M24_pq_b4,4,artifacts\embeddings\full_multivector\queries\q004.npy,artifacts\embeddings\joint_compression\pages_M24_pq_b4\doc010_p001.npy
q004,doc007_p001,-0.45249703526496887,w6_N10_M24_pq_b4,4,artifacts\embeddings\full_multivector\queries\q004.npy,artifacts\embeddings\joint_compression\pages_M24_pq_b4\doc007_p001.npy
q004,doc003_p009,-0.08860719203948975,w6_N10_M24_pq_b4,4,artifacts\embeddings\full_multivector\queries\q004.npy,artifacts\embeddings\joint_compression\pages_M24_pq_b4\doc003_p009.npy
q004,doc006_p021,0.2497541606426239,w6_N10_M24_pq_b4,4,artifacts\embeddings\full_multivector\queries\q004.npy,artifacts\embeddings\joint_compression\pages_M24_pq_b4\doc006_p021.npy
q004,doc001_p004,0.2497541904449463,w6_N10_M24_pq_b4,4,artifacts\embeddings\full_multivector\queries\q004.npy,artifacts\embeddings\joint_compression\pages_M24_pq_b4\doc001_p004.npy
q004,doc001_p002,0.2497541904449463,w6_N10_M24_pq_b4,4,artifacts\embeddings\full_multivector\queries\q004.npy,artifacts\embeddings\joint_compression\pages_M24_pq_b4\doc001_p002.npy
q004,doc001_p003,-0.4846411347389221,w6_N10_M24_pq_b4,4,artifacts\embeddings\full_multivector\queries\q004.npy,artifacts\embeddings\joint_compression\pages_M24_pq_b4\doc001_p003.npy
q004,doc007_p002,0.2497541606426239,w6_N10_M24_pq_b4,4,artifacts\embeddings\full_multivector\queries\q004.npy,artifacts\embeddings\joint_compression\pages_M24_pq_b4\doc007_p002.npy
q004,doc006_p020,0.2497541606426239,w6_N10_M24_pq_b4,4,artifacts\embeddings\full_multivector\queries\q004.npy,artifacts\embeddings\joint_compression\pages_M24_pq_b4\doc006_p020.npy
q005,doc004_p012,-0.35965433716773987,w6_N10_M24_pq_b4,4,artifacts\embeddings\full_multivector\queries\q005.npy,artifacts\embeddings\joint_compression\pages_M24_pq_b4\doc004_p012.npy
q005,doc006_p012,-0.20527008175849915,w6_N10_M24_pq_b4,4,artifacts\embeddings\full_multivector\queries\q005.npy,artifacts\embeddings\joint_compression\pages_M24_pq_b4\doc006_p012.npy
q005,doc006_p010,-0.20527008175849915,w6_N10_M24_pq_b4,4,artifacts\embeddings\full_multivector\queries\q005.npy,artifacts\embeddings\joint_compression\pages_M24_pq_b4\doc006_p010.npy
q005,doc005_p002,-0.5173609852790833,w6_N10_M24_pq_b4,4,artifacts\embeddings\full_multivector\queries\q005.npy,artifacts\embeddings\joint_compression\pages_M24_pq_b4\doc005_p002.npy
q005,doc005_p008,-0.6859315037727356,w6_N10_M24_pq_b4,4,artifacts\embeddings\full_multivector\queries\q005.npy,artifacts\embeddings\joint_compression\pages_M24_pq_b4\doc005_p008.npy
q005,doc004_p006,-0.2028188705444336,w6_N10_M24_pq_b4,4,artifacts\embeddings\full_multivector\queries\q005.npy,artifacts\embeddings\joint_compression\pages_M24_pq_b4\doc004_p006.npy
q005,doc003_p024,-0.19707050919532776,w6_N10_M24_pq_b4,4,artifacts\embeddings\full_multivector\queries\q005.npy,artifacts\embeddings\joint_compression\pages_M24_pq_b4\doc003_p024.npy
q005,doc006_p021,-0.20527008175849915,w6_N10_M24_pq_b4,4,artifacts\embeddings\full_multivector\queries\q005.npy,artifacts\embeddings\joint_compression\pages_M24_pq_b4\doc006_p021.npy
q005,doc004_p011,-0.2052699774503708,w6_N10_M24_pq_b4,4,artifacts\embeddings\full_multivector\queries\q005.npy,artifacts\embeddings\joint_compression\pages_M24_pq_b4\doc004_p011.npy
q005,doc003_p009,-0.4402262568473816,w6_N10_M24_pq_b4,4,artifacts\embeddings\full_multivector\queries\q005.npy,artifacts\embeddings\joint_compression\pages_M24_pq_b4\doc003_p009.npy
q006,doc006_p010,-0.17802993953227997,w6_N10_M24_pq_b4,4,artifacts\embeddings\full_multivector\queries\q006.npy,artifacts\embeddings\joint_compression\pages_M24_pq_b4\doc006_p010.npy
q006,doc001_p004,-0.17802993953227997,w6_N10_M24_pq_b4,4,artifacts\embeddings\full_multivector\queries\q006.npy,artifacts\embeddings\joint_compression\pages_M24_pq_b4\doc001_p004.npy
q006,doc007_p001,-0.8818632364273071,w6_N10_M24_pq_b4,4,artifacts\embeddings\full_multivector\queries\q006.npy,artifacts\embeddings\joint_compression\pages_M24_pq_b4\doc007_p001.npy
q006,doc005_p002,-0.6833764910697937,w6_N10_M24_pq_b4,4,artifacts\embeddings\full_multivector\queries\q006.npy,artifacts\embeddings\joint_compression\pages_M24_pq_b4\doc005_p002.npy
q006,doc006_p019,-0.17802996933460236,w6_N10_M24_pq_b4,4,artifacts\embeddings\full_multivector\queries\q006.npy,artifacts\embeddings\joint_compression\pages_M24_pq_b4\doc006_p019.npy
q006,doc001_p003,-1.0270401239395142,w6_N10_M24_pq_b4,4,artifacts\embeddings\full_multivector\queries\q006.npy,artifacts\embeddings\joint_compression\pages_M24_pq_b4\doc001_p003.npy
q006,doc006_p013,-0.1718844473361969,w6_N10_M24_pq_b4,4,artifacts\embeddings\full_multivector\queries\q006.npy,artifacts\embeddings\joint_compression\pages_M24_pq_b4\doc006_p013.npy
q006,doc004_p011,-0.17802996933460236,w6_N10_M24_pq_b4,4,artifacts\embeddings\full_multivector\queries\q006.npy,artifacts\embeddings\joint_compression\pages_M24_pq_b4\doc004_p011.npy
q006,doc006_p024,-0.17802993953227997,w6_N10_M24_pq_b4,4,artifacts\embeddings\full_multivector\queries\q006.npy,artifacts\embeddings\joint_compression\pages_M24_pq_b4\doc006_p024.npy
q006,doc004_p012,-0.47833964228630066,w6_N10_M24_pq_b4,4,artifacts\embeddings\full_multivector\queries\q006.npy,artifacts\embeddings\joint_compression\pages_M24_pq_b4\doc004_p012.npy
q007,doc003_p004,-0.31910279393196106,w6_N10_M24_pq_b4,4,artifacts\embeddings\full_multivector\queries\q007.npy,artifacts\embeddings\joint_compression\pages_M24_pq_b4\doc003_p004.npy
q007,doc006_p019,-0.11955109238624573,w6_N10_M24_pq_b4,4,artifacts\embeddings\full_multivector\queries\q007.npy,artifacts\embeddings\joint_compression\pages_M24_pq_b4\doc006_p019.npy
q007,doc003_p029,-0.7457368969917297,w6_N10_M24_pq_b4,4,artifacts\embeddings\full_multivector\queries\q007.npy,artifacts\embeddings\joint_compression\pages_M24_pq_b4\doc003_p029.npy
q007,doc003_p021,-0.08387953042984009,w6_N10_M24_pq_b4,4,artifacts\embeddings\full_multivector\queries\q007.npy,artifacts\embeddings\joint_compression\pages_M24_pq_b4\doc003_p021.npy
q007,doc001_p004,-0.12068416178226471,w6_N10_M24_pq_b4,4,artifacts\embeddings\full_multivector\queries\q007.npy,artifacts\embeddings\joint_compression\pages_M24_pq_b4\doc001_p004.npy
q007,doc007_p001,-0.5651333332061768,w6_N10_M24_pq_b4,4,artifacts\embeddings\full_multivector\queries\q007.npy,artifacts\embeddings\joint_compression\pages_M24_pq_b4\doc007_p001.npy
q007,doc006_p009,-0.3204188644886017,w6_N10_M24_pq_b4,4,artifacts\embeddings\full_multivector\queries\q007.npy,artifacts\embeddings\joint_compression\pages_M24_pq_b4\doc006_p009.npy
q007,doc008_p002,-0.9030866622924805,w6_N10_M24_pq_b4,4,artifacts\embeddings\full_multivector\queries\q007.npy,artifacts\embeddings\joint_compression\pages_M24_pq_b4\doc008_p002.npy
q007,doc006_p010,-0.12158612906932831,w6_N10_M24_pq_b4,4,artifacts\embeddings\full_multivector\queries\q007.npy,artifacts\embeddings\joint_compression\pages_M24_pq_b4\doc006_p010.npy
q007,doc006_p008,-0.07757362723350525,w6_N10_M24_pq_b4,4,artifacts\embeddings\full_multivector\queries\q007.npy,artifacts\embeddings\joint_compression\pages_M24_pq_b4\doc006_p008.npy
q008,doc006_p012,0.15681017935276031,w6_N10_M24_pq_b4,4,artifacts\embeddings\full_multivector\queries\q008.npy,artifacts\embeddings\joint_compression\pages_M24_pq_b4\doc006_p012.npy
q008,doc003_p022,-0.38366609811782837,w6_N10_M24_pq_b4,4,artifacts\embeddings\full_multivector\queries\q008.npy,artifacts\embeddings\joint_compression\pages_M24_pq_b4\doc003_p022.npy
q008,doc003_p024,0.154145285487175,w6_N10_M24_pq_b4,4,artifacts\embeddings\full_multivector\queries\q008.npy,artifacts\embeddings\joint_compression\pages_M24_pq_b4\doc003_p024.npy
q008,doc003_p027,-0.1278972625732422,w6_N10_M24_pq_b4,4,artifacts\embeddings\full_multivector\queries\q008.npy,artifacts\embeddings\joint_compression\pages_M24_pq_b4\doc003_p027.npy
q008,doc004_p013,-0.16194559633731842,w6_N10_M24_pq_b4,4,artifacts\embeddings\full_multivector\queries\q008.npy,artifacts\embeddings\joint_compression\pages_M24_pq_b4\doc004_p013.npy
q008,doc003_p025,0.15414534509181976,w6_N10_M24_pq_b4,4,artifacts\embeddings\full_multivector\queries\q008.npy,artifacts\embeddings\joint_compression\pages_M24_pq_b4\doc003_p025.npy
q008,doc003_p023,-0.13246572017669678,w6_N10_M24_pq_b4,4,artifacts\embeddings\full_multivector\queries\q008.npy,artifacts\embeddings\joint_compression\pages_M24_pq_b4\doc003_p023.npy
q008,doc006_p010,0.155251145362854,w6_N10_M24_pq_b4,4,artifacts\embeddings\full_multivector\queries\q008.npy,artifacts\embeddings\joint_compression\pages_M24_pq_b4\doc006_p010.npy
q008,doc006_p021,0.154145285487175,w6_N10_M24_pq_b4,4,artifacts\embeddings\full_multivector\queries\q008.npy,artifacts\embeddings\joint_compression\pages_M24_pq_b4\doc006_p021.npy
q008,doc004_p006,0.18363840878009796,w6_N10_M24_pq_b4,4,artifacts\embeddings\full_multivector\queries\q008.npy,artifacts\embeddings\joint_compression\pages_M24_pq_b4\doc004_p006.npy
q009,doc006_p012,0.20010977983474731,w6_N10_M24_pq_b4,4,artifacts\embeddings\full_multivector\queries\q009.npy,artifacts\embeddings\joint_compression\pages_M24_pq_b4\doc006_p012.npy
q009,doc003_p022,-0.3756253123283386,w6_N10_M24_pq_b4,4,artifacts\embeddings\full_multivector\queries\q009.npy,artifacts\embeddings\joint_compression\pages_M24_pq_b4\doc003_p022.npy
q009,doc003_p027,-0.09230223298072815,w6_N10_M24_pq_b4,4,artifacts\embeddings\full_multivector\queries\q009.npy,artifacts\embeddings\joint_compression\pages_M24_pq_b4\doc003_p027.npy
q009,doc004_p013,-0.1517888307571411,w6_N10_M24_pq_b4,4,artifacts\embeddings\full_multivector\queries\q009.npy,artifacts\embeddings\joint_compression\pages_M24_pq_b4\doc004_p013.npy
q009,doc003_p024,0.1957288384437561,w6_N10_M24_pq_b4,4,artifacts\embeddings\full_multivector\queries\q009.npy,artifacts\embeddings\joint_compression\pages_M24_pq_b4\doc003_p024.npy
q009,doc004_p006,0.22956633567810059,w6_N10_M24_pq_b4,4,artifacts\embeddings\full_multivector\queries\q009.npy,artifacts\embeddings\joint_compression\pages_M24_pq_b4\doc004_p006.npy
q009,doc003_p025,0.20639248192310333,w6_N10_M24_pq_b4,4,artifacts\embeddings\full_multivector\queries\q009.npy,artifacts\embeddings\joint_compression\pages_M24_pq_b4\doc003_p025.npy
q009,doc006_p010,0.19633334875106812,w6_N10_M24_pq_b4,4,artifacts\embeddings\full_multivector\queries\q009.npy,artifacts\embeddings\joint_compression\pages_M24_pq_b4\doc006_p010.npy
q009,doc003_p023,-0.09862248599529266,w6_N10_M24_pq_b4,4,artifacts\embeddings\full_multivector\queries\q009.npy,artifacts\embeddings\joint_compression\pages_M24_pq_b4\doc003_p023.npy
q009,doc005_p008,-0.7768645286560059,w6_N10_M24_pq_b4,4,artifacts\embeddings\full_multivector\queries\q009.npy,artifacts\embeddings\joint_compression\pages_M24_pq_b4\doc005_p008.npy
q010,doc005_p008,-0.7276763916015625,w6_N10_M24_pq_b4,4,artifacts\embeddings\full_multivector\queries\q010.npy,artifacts\embeddings\joint_compression\pages_M24_pq_b4\doc005_p008.npy
q010,doc003_p010,-0.1713283509016037,w6_N10_M24_pq_b4,4,artifacts\embeddings\full_multivector\queries\q010.npy,artifacts\embeddings\joint_compression\pages_M24_pq_b4\doc003_p010.npy
q010,doc004_p012,-0.1288895606994629,w6_N10_M24_pq_b4,4,artifacts\embeddings\full_multivector\queries\q010.npy,artifacts\embeddings\joint_compression\pages_M24_pq_b4\doc004_p012.npy
q010,doc006_p020,0.12106017768383026,w6_N10_M24_pq_b4,4,artifacts\embeddings\full_multivector\queries\q010.npy,artifacts\embeddings\joint_compression\pages_M24_pq_b4\doc006_p020.npy
q010,doc006_p021,0.12106017768383026,w6_N10_M24_pq_b4,4,artifacts\embeddings\full_multivector\queries\q010.npy,artifacts\embeddings\joint_compression\pages_M24_pq_b4\doc006_p021.npy
q010,doc004_p018,-0.42263925075531006,w6_N10_M24_pq_b4,4,artifacts\embeddings\full_multivector\queries\q010.npy,artifacts\embeddings\joint_compression\pages_M24_pq_b4\doc004_p018.npy
q010,doc003_p011,0.15420635044574738,w6_N10_M24_pq_b4,4,artifacts\embeddings\full_multivector\queries\q010.npy,artifacts\embeddings\joint_compression\pages_M24_pq_b4\doc003_p011.npy
q010,doc006_p024,0.13562798500061035,w6_N10_M24_pq_b4,4,artifacts\embeddings\full_multivector\queries\q010.npy,artifacts\embeddings\joint_compression\pages_M24_pq_b4\doc006_p024.npy
q010,doc003_p013,0.1508379429578781,w6_N10_M24_pq_b4,4,artifacts\embeddings\full_multivector\queries\q010.npy,artifacts\embeddings\joint_compression\pages_M24_pq_b4\doc003_p013.npy
q010,doc005_p002,-0.30126985907554626,w6_N10_M24_pq_b4,4,artifacts\embeddings\full_multivector\queries\q010.npy,artifacts\embeddings\joint_compression\pages_M24_pq_b4\doc005_p002.npy
q011,doc006_p025,0.13418754935264587,w6_N10_M24_pq_b4,4,artifacts\embeddings\full_multivector\queries\q011.npy,artifacts\embeddings\joint_compression\pages_M24_pq_b4\doc006_p025.npy
q011,doc006_p021,0.13418753445148468,w6_N10_M24_pq_b4,4,artifacts\embeddings\full_multivector\queries\q011.npy,artifacts\embeddings\joint_compression\pages_M24_pq_b4\doc006_p021.npy
q011,doc005_p004,0.11081717163324356,w6_N10_M24_pq_b4,4,artifacts\embeddings\full_multivector\queries\q011.npy,artifacts\embeddings\joint_compression\pages_M24_pq_b4\doc005_p004.npy
q011,doc005_p005,-0.23003578186035156,w6_N10_M24_pq_b4,4,artifacts\embeddings\full_multivector\queries\q011.npy,artifacts\embeddings\joint_compression\pages_M24_pq_b4\doc005_p005.npy
q011,doc006_p022,0.13418763875961304,w6_N10_M24_pq_b4,4,artifacts\embeddings\full_multivector\queries\q011.npy,artifacts\embeddings\joint_compression\pages_M24_pq_b4\doc006_p022.npy
q011,doc006_p020,0.13418753445148468,w6_N10_M24_pq_b4,4,artifacts\embeddings\full_multivector\queries\q011.npy,artifacts\embeddings\joint_compression\pages_M24_pq_b4\doc006_p020.npy
q011,doc006_p010,0.13488668203353882,w6_N10_M24_pq_b4,4,artifacts\embeddings\full_multivector\queries\q011.npy,artifacts\embeddings\joint_compression\pages_M24_pq_b4\doc006_p010.npy
q011,doc005_p008,-0.9347619414329529,w6_N10_M24_pq_b4,4,artifacts\embeddings\full_multivector\queries\q011.npy,artifacts\embeddings\joint_compression\pages_M24_pq_b4\doc005_p008.npy
q011,doc001_p003,-0.9942811131477356,w6_N10_M24_pq_b4,4,artifacts\embeddings\full_multivector\queries\q011.npy,artifacts\embeddings\joint_compression\pages_M24_pq_b4\doc001_p003.npy
q011,doc006_p012,0.13418753445148468,w6_N10_M24_pq_b4,4,artifacts\embeddings\full_multivector\queries\q011.npy,artifacts\embeddings\joint_compression\pages_M24_pq_b4\doc006_p012.npy
q012,doc006_p025,0.033669836819171906,w6_N10_M24_pq_b4,4,artifacts\embeddings\full_multivector\queries\q012.npy,artifacts\embeddings\joint_compression\pages_M24_pq_b4\doc006_p025.npy
q012,doc006_p021,0.0336698517203331,w6_N10_M24_pq_b4,4,artifacts\embeddings\full_multivector\queries\q012.npy,artifacts\embeddings\joint_compression\pages_M24_pq_b4\doc006_p021.npy
q012,doc005_p004,0.012875568121671677,w6_N10_M24_pq_b4,4,artifacts\embeddings\full_multivector\queries\q012.npy,artifacts\embeddings\joint_compression\pages_M24_pq_b4\doc005_p004.npy
q012,doc006_p010,0.0336698517203331,w6_N10_M24_pq_b4,4,artifacts\embeddings\full_multivector\queries\q012.npy,artifacts\embeddings\joint_compression\pages_M24_pq_b4\doc006_p010.npy
q012,doc005_p005,-0.3179522156715393,w6_N10_M24_pq_b4,4,artifacts\embeddings\full_multivector\queries\q012.npy,artifacts\embeddings\joint_compression\pages_M24_pq_b4\doc005_p005.npy
q012,doc004_p018,-0.605276882648468,w6_N10_M24_pq_b4,4,artifacts\embeddings\full_multivector\queries\q012.npy,artifacts\embeddings\joint_compression\pages_M24_pq_b4\doc004_p018.npy
q012,doc005_p008,-1.028578519821167,w6_N10_M24_pq_b4,4,artifacts\embeddings\full_multivector\queries\q012.npy,artifacts\embeddings\joint_compression\pages_M24_pq_b4\doc005_p008.npy
q012,doc006_p020,0.0336698517203331,w6_N10_M24_pq_b4,4,artifacts\embeddings\full_multivector\queries\q012.npy,artifacts\embeddings\joint_compression\pages_M24_pq_b4\doc006_p020.npy
q012,doc006_p022,0.03366992622613907,w6_N10_M24_pq_b4,4,artifacts\embeddings\full_multivector\queries\q012.npy,artifacts\embeddings\joint_compression\pages_M24_pq_b4\doc006_p022.npy
q012,doc006_p012,0.0336698517203331,w6_N10_M24_pq_b4,4,artifacts\embeddings\full_multivector\queries\q012.npy,artifacts\embeddings\joint_compression\pages_M24_pq_b4\doc006_p012.npy
q013,doc006_p021,-0.021068736910820007,w6_N10_M24_pq_b4,4,artifacts\embeddings\full_multivector\queries\q013.npy,artifacts\embeddings\joint_compression\pages_M24_pq_b4\doc006_p021.npy
q013,doc006_p020,-0.0246618390083313,w6_N10_M24_pq_b4,4,artifacts\embeddings\full_multivector\queries\q013.npy,artifacts\embeddings\joint_compression\pages_M24_pq_b4\doc006_p020.npy
q013,doc005_p004,-0.11211641132831573,w6_N10_M24_pq_b4,4,artifacts\embeddings\full_multivector\queries\q013.npy,artifacts\embeddings\joint_compression\pages_M24_pq_b4\doc005_p004.npy
q013,doc006_p022,-0.024661734700202942,w6_N10_M24_pq_b4,4,artifacts\embeddings\full_multivector\queries\q013.npy,artifacts\embeddings\joint_compression\pages_M24_pq_b4\doc006_p022.npy
q013,doc006_p025,-0.024661801755428314,w6_N10_M24_pq_b4,4,artifacts\embeddings\full_multivector\queries\q013.npy,artifacts\embeddings\joint_compression\pages_M24_pq_b4\doc006_p025.npy
q013,doc007_p001,-0.5717111825942993,w6_N10_M24_pq_b4,4,artifacts\embeddings\full_multivector\queries\q013.npy,artifacts\embeddings\joint_compression\pages_M24_pq_b4\doc007_p001.npy
q013,doc006_p012,-0.0246618390083313,w6_N10_M24_pq_b4,4,artifacts\embeddings\full_multivector\queries\q013.npy,artifacts\embeddings\joint_compression\pages_M24_pq_b4\doc006_p012.npy
q013,doc010_p002,-0.024661801755428314,w6_N10_M24_pq_b4,4,artifacts\embeddings\full_multivector\queries\q013.npy,artifacts\embeddings\joint_compression\pages_M24_pq_b4\doc010_p002.npy
q013,doc006_p024,-0.0246618390083313,w6_N10_M24_pq_b4,4,artifacts\embeddings\full_multivector\queries\q013.npy,artifacts\embeddings\joint_compression\pages_M24_pq_b4\doc006_p024.npy
q013,doc007_p002,-0.0246618390083313,w6_N10_M24_pq_b4,4,artifacts\embeddings\full_multivector\queries\q013.npy,artifacts\embeddings\joint_compression\pages_M24_pq_b4\doc007_p002.npy
q014,doc006_p020,-0.23479023575782776,w6_N10_M24_pq_b4,4,artifacts\embeddings\full_multivector\queries\q014.npy,artifacts\embeddings\joint_compression\pages_M24_pq_b4\doc006_p020.npy
q014,doc006_p010,-0.23479023575782776,w6_N10_M24_pq_b4,4,artifacts\embeddings\full_multivector\queries\q014.npy,artifacts\embeddings\joint_compression\pages_M24_pq_b4\doc006_p010.npy
q014,doc006_p012,-0.23479023575782776,w6_N10_M24_pq_b4,4,artifacts\embeddings\full_multivector\queries\q014.npy,artifacts\embeddings\joint_compression\pages_M24_pq_b4\doc006_p012.npy
q014,doc006_p021,-0.23119713366031647,w6_N10_M24_pq_b4,4,artifacts\embeddings\full_multivector\queries\q014.npy,artifacts\embeddings\joint_compression\pages_M24_pq_b4\doc006_p021.npy
q014,doc007_p001,-0.8200435042381287,w6_N10_M24_pq_b4,4,artifacts\embeddings\full_multivector\queries\q014.npy,artifacts\embeddings\joint_compression\pages_M24_pq_b4\doc007_p001.npy
q014,doc001_p003,-0.9865847826004028,w6_N10_M24_pq_b4,4,artifacts\embeddings\full_multivector\queries\q014.npy,artifacts\embeddings\joint_compression\pages_M24_pq_b4\doc001_p003.npy
q014,doc002_p001,-1.047290563583374,w6_N10_M24_pq_b4,4,artifacts\embeddings\full_multivector\queries\q014.npy,artifacts\embeddings\joint_compression\pages_M24_pq_b4\doc002_p001.npy
q014,doc006_p023,-0.23479023575782776,w6_N10_M24_pq_b4,4,artifacts\embeddings\full_multivector\queries\q014.npy,artifacts\embeddings\joint_compression\pages_M24_pq_b4\doc006_p023.npy
q014,doc010_p002,-0.23479020595550537,w6_N10_M24_pq_b4,4,artifacts\embeddings\full_multivector\queries\q014.npy,artifacts\embeddings\joint_compression\pages_M24_pq_b4\doc010_p002.npy
q014,doc005_p004,-0.3363509774208069,w6_N10_M24_pq_b4,4,artifacts\embeddings\full_multivector\queries\q014.npy,artifacts\embeddings\joint_compression\pages_M24_pq_b4\doc005_p004.npy
q015,doc006_p025,0.11628174781799316,w6_N10_M24_pq_b4,4,artifacts\embeddings\full_multivector\queries\q015.npy,artifacts\embeddings\joint_compression\pages_M24_pq_b4\doc006_p025.npy
q015,doc005_p004,0.05625319480895996,w6_N10_M24_pq_b4,4,artifacts\embeddings\full_multivector\queries\q015.npy,artifacts\embeddings\joint_compression\pages_M24_pq_b4\doc005_p004.npy
q015,doc006_p021,0.11628171801567078,w6_N10_M24_pq_b4,4,artifacts\embeddings\full_multivector\queries\q015.npy,artifacts\embeddings\joint_compression\pages_M24_pq_b4\doc006_p021.npy
q015,doc005_p005,-0.2618234157562256,w6_N10_M24_pq_b4,4,artifacts\embeddings\full_multivector\queries\q015.npy,artifacts\embeddings\joint_compression\pages_M24_pq_b4\doc005_p005.npy
q015,doc005_p008,-1.0691311359405518,w6_N10_M24_pq_b4,4,artifacts\embeddings\full_multivector\queries\q015.npy,artifacts\embeddings\joint_compression\pages_M24_pq_b4\doc005_p008.npy
q015,doc006_p022,0.11628185212612152,w6_N10_M24_pq_b4,4,artifacts\embeddings\full_multivector\queries\q015.npy,artifacts\embeddings\joint_compression\pages_M24_pq_b4\doc006_p022.npy
q015,doc002_p001,-1.1632416248321533,w6_N10_M24_pq_b4,4,artifacts\embeddings\full_multivector\queries\q015.npy,artifacts\embeddings\joint_compression\pages_M24_pq_b4\doc002_p001.npy
q015,doc003_p006,-0.22952044010162354,w6_N10_M24_pq_b4,4,artifacts\embeddings\full_multivector\queries\q015.npy,artifacts\embeddings\joint_compression\pages_M24_pq_b4\doc003_p006.npy
q015,doc006_p020,0.11628171801567078,w6_N10_M24_pq_b4,4,artifacts\embeddings\full_multivector\queries\q015.npy,artifacts\embeddings\joint_compression\pages_M24_pq_b4\doc006_p020.npy
q015,doc006_p012,0.11628171801567078,w6_N10_M24_pq_b4,4,artifacts\embeddings\full_multivector\queries\q015.npy,artifacts\embeddings\joint_compression\pages_M24_pq_b4\doc006_p012.npy
q016,doc006_p025,0.06640945374965668,w6_N10_M24_pq_b4,4,artifacts\embeddings\full_multivector\queries\q016.npy,artifacts\embeddings\joint_compression\pages_M24_pq_b4\doc006_p025.npy
q016,doc005_p008,-1.1663367748260498,w6_N10_M24_pq_b4,4,artifacts\embeddings\full_multivector\queries\q016.npy,artifacts\embeddings\joint_compression\pages_M24_pq_b4\doc005_p008.npy
q016,doc005_p004,0.0018262304365634918,w6_N10_M24_pq_b4,4,artifacts\embeddings\full_multivector\queries\q016.npy,artifacts\embeddings\joint_compression\pages_M24_pq_b4\doc005_p004.npy
q016,doc005_p005,-0.294333279132843,w6_N10_M24_pq_b4,4,artifacts\embeddings\full_multivector\queries\q016.npy,artifacts\embeddings\joint_compression\pages_M24_pq_b4\doc005_p005.npy
q016,doc006_p021,0.0664094090461731,w6_N10_M24_pq_b4,4,artifacts\embeddings\full_multivector\queries\q016.npy,artifacts\embeddings\joint_compression\pages_M24_pq_b4\doc006_p021.npy
q016,doc006_p010,0.06667150557041168,w6_N10_M24_pq_b4,4,artifacts\embeddings\full_multivector\queries\q016.npy,artifacts\embeddings\joint_compression\pages_M24_pq_b4\doc006_p010.npy
q016,doc006_p020,0.0664094090461731,w6_N10_M24_pq_b4,4,artifacts\embeddings\full_multivector\queries\q016.npy,artifacts\embeddings\joint_compression\pages_M24_pq_b4\doc006_p020.npy
q016,doc002_p001,-1.2679469585418701,w6_N10_M24_pq_b4,4,artifacts\embeddings\full_multivector\queries\q016.npy,artifacts\embeddings\joint_compression\pages_M24_pq_b4\doc002_p001.npy
q016,doc006_p012,0.0664094090461731,w6_N10_M24_pq_b4,4,artifacts\embeddings\full_multivector\queries\q016.npy,artifacts\embeddings\joint_compression\pages_M24_pq_b4\doc006_p012.npy
q016,doc006_p022,0.06640951335430145,w6_N10_M24_pq_b4,4,artifacts\embeddings\full_multivector\queries\q016.npy,artifacts\embeddings\joint_compression\pages_M24_pq_b4\doc006_p022.npy
q017,doc006_p021,0.01263514719903469,w6_N10_M24_pq_b4,4,artifacts\embeddings\full_multivector\queries\q017.npy,artifacts\embeddings\joint_compression\pages_M24_pq_b4\doc006_p021.npy
q017,doc006_p020,-0.004484040662646294,w6_N10_M24_pq_b4,4,artifacts\embeddings\full_multivector\queries\q017.npy,artifacts\embeddings\joint_compression\pages_M24_pq_b4\doc006_p020.npy
q017,doc006_p010,-0.005910379812121391,w6_N10_M24_pq_b4,4,artifacts\embeddings\full_multivector\queries\q017.npy,artifacts\embeddings\joint_compression\pages_M24_pq_b4\doc006_p010.npy
q017,doc004_p013,-0.3790455162525177,w6_N10_M24_pq_b4,4,artifacts\embeddings\full_multivector\queries\q017.npy,artifacts\embeddings\joint_compression\pages_M24_pq_b4\doc004_p013.npy
q017,doc006_p012,-0.0037849079817533493,w6_N10_M24_pq_b4,4,artifacts\embeddings\full_multivector\queries\q017.npy,artifacts\embeddings\joint_compression\pages_M24_pq_b4\doc006_p012.npy
q017,doc006_p025,-0.009096542373299599,w6_N10_M24_pq_b4,4,artifacts\embeddings\full_multivector\queries\q017.npy,artifacts\embeddings\joint_compression\pages_M24_pq_b4\doc006_p025.npy
q017,doc003_p024,0.007603870704770088,w6_N10_M24_pq_b4,4,artifacts\embeddings\full_multivector\queries\q017.npy,artifacts\embeddings\joint_compression\pages_M24_pq_b4\doc003_p024.npy
q017,doc006_p022,6.666220724582672e-05,w6_N10_M24_pq_b4,4,artifacts\embeddings\full_multivector\queries\q017.npy,artifacts\embeddings\joint_compression\pages_M24_pq_b4\doc006_p022.npy
q017,doc010_p002,-0.00703045167028904,w6_N10_M24_pq_b4,4,artifacts\embeddings\full_multivector\queries\q017.npy,artifacts\embeddings\joint_compression\pages_M24_pq_b4\doc010_p002.npy
q017,doc006_p013,0.026582200080156326,w6_N10_M24_pq_b4,4,artifacts\embeddings\full_multivector\queries\q017.npy,artifacts\embeddings\joint_compression\pages_M24_pq_b4\doc006_p013.npy
q018,doc006_p010,0.09718791395425797,w6_N10_M24_pq_b4,4,artifacts\embeddings\full_multivector\queries\q018.npy,artifacts\embeddings\joint_compression\pages_M24_pq_b4\doc006_p010.npy
q018,doc004_p013,-0.3507114350795746,w6_N10_M24_pq_b4,4,artifacts\embeddings\full_multivector\queries\q018.npy,artifacts\embeddings\joint_compression\pages_M24_pq_b4\doc004_p013.npy
q018,doc006_p012,0.09718791395425797,w6_N10_M24_pq_b4,4,artifacts\embeddings\full_multivector\queries\q018.npy,artifacts\embeddings\joint_compression\pages_M24_pq_b4\doc006_p012.npy
q018,doc006_p020,0.1051245704293251,w6_N10_M24_pq_b4,4,artifacts\embeddings\full_multivector\queries\q018.npy,artifacts\embeddings\joint_compression\pages_M24_pq_b4\doc006_p020.npy
q018,doc006_p021,0.11355282366275787,w6_N10_M24_pq_b4,4,artifacts\embeddings\full_multivector\queries\q018.npy,artifacts\embeddings\joint_compression\pages_M24_pq_b4\doc006_p021.npy
q018,doc003_p024,0.11472635716199875,w6_N10_M24_pq_b4,4,artifacts\embeddings\full_multivector\queries\q018.npy,artifacts\embeddings\joint_compression\pages_M24_pq_b4\doc003_p024.npy
q018,doc003_p022,-0.5410010814666748,w6_N10_M24_pq_b4,4,artifacts\embeddings\full_multivector\queries\q018.npy,artifacts\embeddings\joint_compression\pages_M24_pq_b4\doc003_p022.npy
q018,doc006_p025,0.09718795865774155,w6_N10_M24_pq_b4,4,artifacts\embeddings\full_multivector\queries\q018.npy,artifacts\embeddings\joint_compression\pages_M24_pq_b4\doc006_p025.npy
q018,doc004_p018,-0.5322242379188538,w6_N10_M24_pq_b4,4,artifacts\embeddings\full_multivector\queries\q018.npy,artifacts\embeddings\joint_compression\pages_M24_pq_b4\doc004_p018.npy
q018,doc010_p002,0.0975455567240715,w6_N10_M24_pq_b4,4,artifacts\embeddings\full_multivector\queries\q018.npy,artifacts\embeddings\joint_compression\pages_M24_pq_b4\doc010_p002.npy
q019,doc004_p013,-0.399671345949173,w6_N10_M24_pq_b4,4,artifacts\embeddings\full_multivector\queries\q019.npy,artifacts\embeddings\joint_compression\pages_M24_pq_b4\doc004_p013.npy
q019,doc006_p012,0.047245487570762634,w6_N10_M24_pq_b4,4,artifacts\embeddings\full_multivector\queries\q019.npy,artifacts\embeddings\joint_compression\pages_M24_pq_b4\doc006_p012.npy
q019,doc006_p010,0.05372725427150726,w6_N10_M24_pq_b4,4,artifacts\embeddings\full_multivector\queries\q019.npy,artifacts\embeddings\joint_compression\pages_M24_pq_b4\doc006_p010.npy
q019,doc003_p024,0.04659220203757286,w6_N10_M24_pq_b4,4,artifacts\embeddings\full_multivector\queries\q019.npy,artifacts\embeddings\joint_compression\pages_M24_pq_b4\doc003_p024.npy
q019,doc006_p020,0.05829866975545883,w6_N10_M24_pq_b4,4,artifacts\embeddings\full_multivector\queries\q019.npy,artifacts\embeddings\joint_compression\pages_M24_pq_b4\doc006_p020.npy
q019,doc003_p022,-0.7131195664405823,w6_N10_M24_pq_b4,4,artifacts\embeddings\full_multivector\queries\q019.npy,artifacts\embeddings\joint_compression\pages_M24_pq_b4\doc003_p022.npy
q019,doc005_p004,-0.1154690757393837,w6_N10_M24_pq_b4,4,artifacts\embeddings\full_multivector\queries\q019.npy,artifacts\embeddings\joint_compression\pages_M24_pq_b4\doc005_p004.npy
q019,doc003_p025,0.048544615507125854,w6_N10_M24_pq_b4,4,artifacts\embeddings\full_multivector\queries\q019.npy,artifacts\embeddings\joint_compression\pages_M24_pq_b4\doc003_p025.npy
q019,doc005_p008,-1.3350083827972412,w6_N10_M24_pq_b4,4,artifacts\embeddings\full_multivector\queries\q019.npy,artifacts\embeddings\joint_compression\pages_M24_pq_b4\doc005_p008.npy
q019,doc006_p021,0.04276631027460098,w6_N10_M24_pq_b4,4,artifacts\embeddings\full_multivector\queries\q019.npy,artifacts\embeddings\joint_compression\pages_M24_pq_b4\doc006_p021.npy
q020,doc005_p004,0.2610922157764435,w6_N10_M24_pq_b4,4,artifacts\embeddings\full_multivector\queries\q020.npy,artifacts\embeddings\joint_compression\pages_M24_pq_b4\doc005_p004.npy
q020,doc005_p005,0.06544406712055206,w6_N10_M24_pq_b4,4,artifacts\embeddings\full_multivector\queries\q020.npy,artifacts\embeddings\joint_compression\pages_M24_pq_b4\doc005_p005.npy
q020,doc006_p021,0.33905133605003357,w6_N10_M24_pq_b4,4,artifacts\embeddings\full_multivector\queries\q020.npy,artifacts\embeddings\joint_compression\pages_M24_pq_b4\doc006_p021.npy
q020,doc006_p025,0.33905136585235596,w6_N10_M24_pq_b4,4,artifacts\embeddings\full_multivector\queries\q020.npy,artifacts\embeddings\joint_compression\pages_M24_pq_b4\doc006_p025.npy
q020,doc003_p006,0.0468110665678978,w6_N10_M24_pq_b4,4,artifacts\embeddings\full_multivector\queries\q020.npy,artifacts\embeddings\joint_compression\pages_M24_pq_b4\doc003_p006.npy
q020,doc006_p012,0.33905133605003357,w6_N10_M24_pq_b4,4,artifacts\embeddings\full_multivector\queries\q020.npy,artifacts\embeddings\joint_compression\pages_M24_pq_b4\doc006_p012.npy
q020,doc006_p022,0.33905139565467834,w6_N10_M24_pq_b4,4,artifacts\embeddings\full_multivector\queries\q020.npy,artifacts\embeddings\joint_compression\pages_M24_pq_b4\doc006_p022.npy
q020,doc004_p013,-0.0037915781140327454,w6_N10_M24_pq_b4,4,artifacts\embeddings\full_multivector\queries\q020.npy,artifacts\embeddings\joint_compression\pages_M24_pq_b4\doc004_p013.npy
q020,doc004_p012,0.06332027167081833,w6_N10_M24_pq_b4,4,artifacts\embeddings\full_multivector\queries\q020.npy,artifacts\embeddings\joint_compression\pages_M24_pq_b4\doc004_p012.npy
q020,doc003_p024,0.33905133605003357,w6_N10_M24_pq_b4,4,artifacts\embeddings\full_multivector\queries\q020.npy,artifacts\embeddings\joint_compression\pages_M24_pq_b4\doc003_p024.npy
q021,doc005_p005,-0.07397733628749847,w6_N10_M24_pq_b4,4,artifacts\embeddings\full_multivector\queries\q021.npy,artifacts\embeddings\joint_compression\pages_M24_pq_b4\doc005_p005.npy
q021,doc005_p004,0.09423195570707321,w6_N10_M24_pq_b4,4,artifacts\embeddings\full_multivector\queries\q021.npy,artifacts\embeddings\joint_compression\pages_M24_pq_b4\doc005_p004.npy
q021,doc005_p008,-0.7764636874198914,w6_N10_M24_pq_b4,4,artifacts\embeddings\full_multivector\queries\q021.npy,artifacts\embeddings\joint_compression\pages_M24_pq_b4\doc005_p008.npy
q021,doc006_p025,0.18637381494045258,w6_N10_M24_pq_b4,4,artifacts\embeddings\full_multivector\queries\q021.npy,artifacts\embeddings\joint_compression\pages_M24_pq_b4\doc006_p025.npy
q021,doc006_p021,0.18637380003929138,w6_N10_M24_pq_b4,4,artifacts\embeddings\full_multivector\queries\q021.npy,artifacts\embeddings\joint_compression\pages_M24_pq_b4\doc006_p021.npy
q021,doc003_p006,-0.12031033635139465,w6_N10_M24_pq_b4,4,artifacts\embeddings\full_multivector\queries\q021.npy,artifacts\embeddings\joint_compression\pages_M24_pq_b4\doc003_p006.npy
q021,doc006_p012,0.18637380003929138,w6_N10_M24_pq_b4,4,artifacts\embeddings\full_multivector\queries\q021.npy,artifacts\embeddings\joint_compression\pages_M24_pq_b4\doc006_p012.npy
q021,doc006_p020,0.18637380003929138,w6_N10_M24_pq_b4,4,artifacts\embeddings\full_multivector\queries\q021.npy,artifacts\embeddings\joint_compression\pages_M24_pq_b4\doc006_p020.npy
q021,doc004_p012,-0.10429303348064423,w6_N10_M24_pq_b4,4,artifacts\embeddings\full_multivector\queries\q021.npy,artifacts\embeddings\joint_compression\pages_M24_pq_b4\doc004_p012.npy
q021,doc001_p003,-0.7723390460014343,w6_N10_M24_pq_b4,4,artifacts\embeddings\full_multivector\queries\q021.npy,artifacts\embeddings\joint_compression\pages_M24_pq_b4\doc001_p003.npy
q022,doc005_p008,-0.9473415613174438,w6_N10_M24_pq_b4,4,artifacts\embeddings\full_multivector\queries\q022.npy,artifacts\embeddings\joint_compression\pages_M24_pq_b4\doc005_p008.npy
q022,doc003_p022,-0.6230872869491577,w6_N10_M24_pq_b4,4,artifacts\embeddings\full_multivector\queries\q022.npy,artifacts\embeddings\joint_compression\pages_M24_pq_b4\doc003_p022.npy
q022,doc005_p004,-0.19403254985809326,w6_N10_M24_pq_b4,4,artifacts\embeddings\full_multivector\queries\q022.npy,artifacts\embeddings\joint_compression\pages_M24_pq_b4\doc005_p004.npy
q022,doc005_p002,-0.6249867081642151,w6_N10_M24_pq_b4,4,artifacts\embeddings\full_multivector\queries\q022.npy,artifacts\embeddings\joint_compression\pages_M24_pq_b4\doc005_p002.npy
q022,doc003_p025,-0.10806367546319962,w6_N10_M24_pq_b4,4,artifacts\embeddings\full_multivector\queries\q022.npy,artifacts\embeddings\joint_compression\pages_M24_pq_b4\doc003_p025.npy
q022,doc003_p024,-0.10806364566087723,w6_N10_M24_pq_b4,4,artifacts\embeddings\full_multivector\queries\q022.npy,artifacts\embeddings\joint_compression\pages_M24_pq_b4\doc003_p024.npy
q022,doc004_p006,-0.07444753497838974,w6_N10_M24_pq_b4,4,artifacts\embeddings\full_multivector\queries\q022.npy,artifacts\embeddings\joint_compression\pages_M24_pq_b4\doc004_p006.npy
q022,doc004_p013,-0.4567112326622009,w6_N10_M24_pq_b4,4,artifacts\embeddings\full_multivector\queries\q022.npy,artifacts\embeddings\joint_compression\pages_M24_pq_b4\doc004_p013.npy
q022,doc004_p012,-0.4036314785480499,w6_N10_M24_pq_b4,4,artifacts\embeddings\full_multivector\queries\q022.npy,artifacts\embeddings\joint_compression\pages_M24_pq_b4\doc004_p012.npy
q022,doc003_p006,-0.29318076372146606,w6_N10_M24_pq_b4,4,artifacts\embeddings\full_multivector\queries\q022.npy,artifacts\embeddings\joint_compression\pages_M24_pq_b4\doc003_p006.npy
q023,doc005_p008,-0.9413020014762878,w6_N10_M24_pq_b4,4,artifacts\embeddings\full_multivector\queries\q023.npy,artifacts\embeddings\joint_compression\pages_M24_pq_b4\doc005_p008.npy
q023,doc003_p022,-0.6609507203102112,w6_N10_M24_pq_b4,4,artifacts\embeddings\full_multivector\queries\q023.npy,artifacts\embeddings\joint_compression\pages_M24_pq_b4\doc003_p022.npy
q023,doc005_p004,-0.28411048650741577,w6_N10_M24_pq_b4,4,artifacts\embeddings\full_multivector\queries\q023.npy,artifacts\embeddings\joint_compression\pages_M24_pq_b4\doc005_p004.npy
q023,doc005_p002,-0.7049659490585327,w6_N10_M24_pq_b4,4,artifacts\embeddings\full_multivector\queries\q023.npy,artifacts\embeddings\joint_compression\pages_M24_pq_b4\doc005_p002.npy
q023,doc004_p006,-0.16227583587169647,w6_N10_M24_pq_b4,4,artifacts\embeddings\full_multivector\queries\q023.npy,artifacts\embeddings\joint_compression\pages_M24_pq_b4\doc004_p006.npy
q023,doc003_p025,-0.19586513936519623,w6_N10_M24_pq_b4,4,artifacts\embeddings\full_multivector\queries\q023.npy,artifacts\embeddings\joint_compression\pages_M24_pq_b4\doc003_p025.npy
q023,doc004_p013,-0.5277174711227417,w6_N10_M24_pq_b4,4,artifacts\embeddings\full_multivector\queries\q023.npy,artifacts\embeddings\joint_compression\pages_M24_pq_b4\doc004_p013.npy
q023,doc003_p024,-0.19191618263721466,w6_N10_M24_pq_b4,4,artifacts\embeddings\full_multivector\queries\q023.npy,artifacts\embeddings\joint_compression\pages_M24_pq_b4\doc003_p024.npy
q023,doc005_p005,-0.5567474961280823,w6_N10_M24_pq_b4,4,artifacts\embeddings\full_multivector\queries\q023.npy,artifacts\embeddings\joint_compression\pages_M24_pq_b4\doc005_p005.npy
q023,doc003_p006,-0.37906956672668457,w6_N10_M24_pq_b4,4,artifacts\embeddings\full_multivector\queries\q023.npy,artifacts\embeddings\joint_compression\pages_M24_pq_b4\doc003_p006.npy
q024,doc005_p004,-0.24444112181663513,w6_N10_M24_pq_b4,4,artifacts\embeddings\full_multivector\queries\q024.npy,artifacts\embeddings\joint_compression\pages_M24_pq_b4\doc005_p004.npy
q024,doc003_p022,-0.8191818594932556,w6_N10_M24_pq_b4,4,artifacts\embeddings\full_multivector\queries\q024.npy,artifacts\embeddings\joint_compression\pages_M24_pq_b4\doc003_p022.npy
q024,doc003_p024,-0.14633101224899292,w6_N10_M24_pq_b4,4,artifacts\embeddings\full_multivector\queries\q024.npy,artifacts\embeddings\joint_compression\pages_M24_pq_b4\doc003_p024.npy
q024,doc005_p005,-0.628852903842926,w6_N10_M24_pq_b4,4,artifacts\embeddings\full_multivector\queries\q024.npy,artifacts\embeddings\joint_compression\pages_M24_pq_b4\doc005_p005.npy
q024,doc003_p025,-0.14895640313625336,w6_N10_M24_pq_b4,4,artifacts\embeddings\full_multivector\queries\q024.npy,artifacts\embeddings\joint_compression\pages_M24_pq_b4\doc003_p025.npy
q024,doc004_p013,-0.6403949856758118,w6_N10_M24_pq_b4,4,artifacts\embeddings\full_multivector\queries\q024.npy,artifacts\embeddings\joint_compression\pages_M24_pq_b4\doc004_p013.npy
q024,doc003_p006,-0.36279770731925964,w6_N10_M24_pq_b4,4,artifacts\embeddings\full_multivector\queries\q024.npy,artifacts\embeddings\joint_compression\pages_M24_pq_b4\doc003_p006.npy
q024,doc006_p010,-0.1489565223455429,w6_N10_M24_pq_b4,4,artifacts\embeddings\full_multivector\queries\q024.npy,artifacts\embeddings\joint_compression\pages_M24_pq_b4\doc006_p010.npy
q024,doc003_p027,-0.5750885009765625,w6_N10_M24_pq_b4,4,artifacts\embeddings\full_multivector\queries\q024.npy,artifacts\embeddings\joint_compression\pages_M24_pq_b4\doc003_p027.npy
q024,doc005_p002,-0.8293737769126892,w6_N10_M24_pq_b4,4,artifacts\embeddings\full_multivector\queries\q024.npy,artifacts\embeddings\joint_compression\pages_M24_pq_b4\doc005_p002.npy
q025,doc005_p004,-0.14826780557632446,w6_N10_M24_pq_b4,4,artifacts\embeddings\full_multivector\queries\q025.npy,artifacts\embeddings\joint_compression\pages_M24_pq_b4\doc005_p004.npy
q025,doc003_p022,-0.5241222381591797,w6_N10_M24_pq_b4,4,artifacts\embeddings\full_multivector\queries\q025.npy,artifacts\embeddings\joint_compression\pages_M24_pq_b4\doc003_p022.npy
q025,doc003_p006,-0.2511690855026245,w6_N10_M24_pq_b4,4,artifacts\embeddings\full_multivector\queries\q025.npy,artifacts\embeddings\joint_compression\pages_M24_pq_b4\doc003_p006.npy
q025,doc005_p005,-0.43499794602394104,w6_N10_M24_pq_b4,4,artifacts\embeddings\full_multivector\queries\q025.npy,artifacts\embeddings\joint_compression\pages_M24_pq_b4\doc005_p005.npy
q025,doc006_p010,-0.0717506855726242,w6_N10_M24_pq_b4,4,artifacts\embeddings\full_multivector\queries\q025.npy,artifacts\embeddings\joint_compression\pages_M24_pq_b4\doc006_p010.npy
q025,doc003_p024,-0.07226112484931946,w6_N10_M24_pq_b4,4,artifacts\embeddings\full_multivector\queries\q025.npy,artifacts\embeddings\joint_compression\pages_M24_pq_b4\doc003_p024.npy
q025,doc004_p013,-0.40997314453125,w6_N10_M24_pq_b4,4,artifacts\embeddings\full_multivector\queries\q025.npy,artifacts\embeddings\joint_compression\pages_M24_pq_b4\doc004_p013.npy
q025,doc003_p025,-0.07226110994815826,w6_N10_M24_pq_b4,4,artifacts\embeddings\full_multivector\queries\q025.npy,artifacts\embeddings\joint_compression\pages_M24_pq_b4\doc003_p025.npy
q025,doc006_p012,-0.07226112484931946,w6_N10_M24_pq_b4,4,artifacts\embeddings\full_multivector\queries\q025.npy,artifacts\embeddings\joint_compression\pages_M24_pq_b4\doc006_p012.npy
q025,doc005_p002,-0.5736414194107056,w6_N10_M24_pq_b4,4,artifacts\embeddings\full_multivector\queries\q025.npy,artifacts\embeddings\joint_compression\pages_M24_pq_b4\doc005_p002.npy
q026,doc005_p008,-0.8989155292510986,w6_N10_M24_pq_b4,4,artifacts\embeddings\full_multivector\queries\q026.npy,artifacts\embeddings\joint_compression\pages_M24_pq_b4\doc005_p008.npy
q026,doc005_p004,-0.1506587266921997,w6_N10_M24_pq_b4,4,artifacts\embeddings\full_multivector\queries\q026.npy,artifacts\embeddings\joint_compression\pages_M24_pq_b4\doc005_p004.npy
q026,doc005_p002,-0.5886348485946655,w6_N10_M24_pq_b4,4,artifacts\embeddings\full_multivector\queries\q026.npy,artifacts\embeddings\joint_compression\pages_M24_pq_b4\doc005_p002.npy
q026,doc003_p022,-0.5966640114784241,w6_N10_M24_pq_b4,4,artifacts\embeddings\full_multivector\queries\q026.npy,artifacts\embeddings\joint_compression\pages_M24_pq_b4\doc003_p022.npy
q026,doc004_p012,-0.36292171478271484,w6_N10_M24_pq_b4,4,artifacts\embeddings\full_multivector\queries\q026.npy,artifacts\embeddings\joint_compression\pages_M24_pq_b4\doc004_p012.npy
q026,doc004_p006,-0.023833002895116806,w6_N10_M24_pq_b4,4,artifacts\embeddings\full_multivector\queries\q026.npy,artifacts\embeddings\joint_compression\pages_M24_pq_b4\doc004_p006.npy
q026,doc005_p005,-0.36762410402297974,w6_N10_M24_pq_b4,4,artifacts\embeddings\full_multivector\queries\q026.npy,artifacts\embeddings\joint_compression\pages_M24_pq_b4\doc005_p005.npy
q026,doc003_p006,-0.26125603914260864,w6_N10_M24_pq_b4,4,artifacts\embeddings\full_multivector\queries\q026.npy,artifacts\embeddings\joint_compression\pages_M24_pq_b4\doc003_p006.npy
q026,doc003_p025,-0.052411239594221115,w6_N10_M24_pq_b4,4,artifacts\embeddings\full_multivector\queries\q026.npy,artifacts\embeddings\joint_compression\pages_M24_pq_b4\doc003_p025.npy
q026,doc006_p025,-0.052411239594221115,w6_N10_M24_pq_b4,4,artifacts\embeddings\full_multivector\queries\q026.npy,artifacts\embeddings\joint_compression\pages_M24_pq_b4\doc006_p025.npy
q027,doc005_p008,-0.8949835300445557,w6_N10_M24_pq_b4,4,artifacts\embeddings\full_multivector\queries\q027.npy,artifacts\embeddings\joint_compression\pages_M24_pq_b4\doc005_p008.npy
q027,doc005_p004,-0.23541104793548584,w6_N10_M24_pq_b4,4,artifacts\embeddings\full_multivector\queries\q027.npy,artifacts\embeddings\joint_compression\pages_M24_pq_b4\doc005_p004.npy
q027,doc004_p006,-0.10912125557661057,w6_N10_M24_pq_b4,4,artifacts\embeddings\full_multivector\queries\q027.npy,artifacts\embeddings\joint_compression\pages_M24_pq_b4\doc004_p006.npy
q027,doc003_p022,-0.6335088610649109,w6_N10_M24_pq_b4,4,artifacts\embeddings\full_multivector\queries\q027.npy,artifacts\embeddings\joint_compression\pages_M24_pq_b4\doc003_p022.npy
q027,doc005_p005,-0.49141812324523926,w6_N10_M24_pq_b4,4,artifacts\embeddings\full_multivector\queries\q027.npy,artifacts\embeddings\joint_compression\pages_M24_pq_b4\doc005_p005.npy
q027,doc005_p002,-0.6677589416503906,w6_N10_M24_pq_b4,4,artifacts\embeddings\full_multivector\queries\q027.npy,artifacts\embeddings\joint_compression\pages_M24_pq_b4\doc005_p002.npy
q027,doc003_p006,-0.34525856375694275,w6_N10_M24_pq_b4,4,artifacts\embeddings\full_multivector\queries\q027.npy,artifacts\embeddings\joint_compression\pages_M24_pq_b4\doc003_p006.npy
q027,doc003_p025,-0.1369054913520813,w6_N10_M24_pq_b4,4,artifacts\embeddings\full_multivector\queries\q027.npy,artifacts\embeddings\joint_compression\pages_M24_pq_b4\doc003_p025.npy
q027,doc004_p013,-0.4852847456932068,w6_N10_M24_pq_b4,4,artifacts\embeddings\full_multivector\queries\q027.npy,artifacts\embeddings\joint_compression\pages_M24_pq_b4\doc004_p013.npy
q027,doc003_p024,-0.13295653462409973,w6_N10_M24_pq_b4,4,artifacts\embeddings\full_multivector\queries\q027.npy,artifacts\embeddings\joint_compression\pages_M24_pq_b4\doc003_p024.npy
q028,doc004_p012,-0.39981019496917725,w6_N10_M24_pq_b4,4,artifacts\embeddings\full_multivector\queries\q028.npy,artifacts\embeddings\joint_compression\pages_M24_pq_b4\doc004_p012.npy
q028,doc001_p003,-0.9927374720573425,w6_N10_M24_pq_b4,4,artifacts\embeddings\full_multivector\queries\q028.npy,artifacts\embeddings\joint_compression\pages_M24_pq_b4\doc001_p003.npy
q028,doc004_p011,-0.14785684645175934,w6_N10_M24_pq_b4,4,artifacts\embeddings\full_multivector\queries\q028.npy,artifacts\embeddings\joint_compression\pages_M24_pq_b4\doc004_p011.npy
q028,doc006_p010,-0.1942300796508789,w6_N10_M24_pq_b4,4,artifacts\embeddings\full_multivector\queries\q028.npy,artifacts\embeddings\joint_compression\pages_M24_pq_b4\doc006_p010.npy
q028,doc003_p002,-0.16122251749038696,w6_N10_M24_pq_b4,4,artifacts\embeddings\full_multivector\queries\q028.npy,artifacts\embeddings\joint_compression\pages_M24_pq_b4\doc003_p002.npy
q028,doc001_p002,-0.1777166724205017,w6_N10_M24_pq_b4,4,artifacts\embeddings\full_multivector\queries\q028.npy,artifacts\embeddings\joint_compression\pages_M24_pq_b4\doc001_p002.npy
q028,doc003_p025,-0.1510707437992096,w6_N10_M24_pq_b4,4,artifacts\embeddings\full_multivector\queries\q028.npy,artifacts\embeddings\joint_compression\pages_M24_pq_b4\doc003_p025.npy
q028,doc005_p002,-0.6615991592407227,w6_N10_M24_pq_b4,4,artifacts\embeddings\full_multivector\queries\q028.npy,artifacts\embeddings\joint_compression\pages_M24_pq_b4\doc005_p002.npy
q028,doc003_p024,-0.1565311849117279,w6_N10_M24_pq_b4,4,artifacts\embeddings\full_multivector\queries\q028.npy,artifacts\embeddings\joint_compression\pages_M24_pq_b4\doc003_p024.npy
q028,doc001_p004,-0.17281153798103333,w6_N10_M24_pq_b4,4,artifacts\embeddings\full_multivector\queries\q028.npy,artifacts\embeddings\joint_compression\pages_M24_pq_b4\doc001_p004.npy
q029,doc006_p020,-0.17541088163852692,w6_N10_M24_pq_b4,4,artifacts\embeddings\full_multivector\queries\q029.npy,artifacts\embeddings\joint_compression\pages_M24_pq_b4\doc006_p020.npy
q029,doc006_p010,-0.17976607382297516,w6_N10_M24_pq_b4,4,artifacts\embeddings\full_multivector\queries\q029.npy,artifacts\embeddings\joint_compression\pages_M24_pq_b4\doc006_p010.npy
q029,doc006_p021,-0.1558828204870224,w6_N10_M24_pq_b4,4,artifacts\embeddings\full_multivector\queries\q029.npy,artifacts\embeddings\joint_compression\pages_M24_pq_b4\doc006_p021.npy
q029,doc004_p013,-0.6206821203231812,w6_N10_M24_pq_b4,4,artifacts\embeddings\full_multivector\queries\q029.npy,artifacts\embeddings\joint_compression\pages_M24_pq_b4\doc004_p013.npy
q029,doc005_p008,-1.3513212203979492,w6_N10_M24_pq_b4,4,artifacts\embeddings\full_multivector\queries\q029.npy,artifacts\embeddings\joint_compression\pages_M24_pq_b4\doc005_p008.npy
q029,doc006_p024,-0.16294679045677185,w6_N10_M24_pq_b4,4,artifacts\embeddings\full_multivector\queries\q029.npy,artifacts\embeddings\joint_compression\pages_M24_pq_b4\doc006_p024.npy
q029,doc006_p012,-0.17976607382297516,w6_N10_M24_pq_b4,4,artifacts\embeddings\full_multivector\queries\q029.npy,artifacts\embeddings\joint_compression\pages_M24_pq_b4\doc006_p012.npy
q029,doc004_p018,-0.9053824543952942,w6_N10_M24_pq_b4,4,artifacts\embeddings\full_multivector\queries\q029.npy,artifacts\embeddings\joint_compression\pages_M24_pq_b4\doc004_p018.npy
q029,doc006_p023,-0.17768044769763947,w6_N10_M24_pq_b4,4,artifacts\embeddings\full_multivector\queries\q029.npy,artifacts\embeddings\joint_compression\pages_M24_pq_b4\doc006_p023.npy
q029,doc006_p025,-0.17135973274707794,w6_N10_M24_pq_b4,4,artifacts\embeddings\full_multivector\queries\q029.npy,artifacts\embeddings\joint_compression\pages_M24_pq_b4\doc006_p025.npy
q030,doc005_p008,-1.086439609527588,w6_N10_M24_pq_b4,4,artifacts\embeddings\full_multivector\queries\q030.npy,artifacts\embeddings\joint_compression\pages_M24_pq_b4\doc005_p008.npy
q030,doc005_p004,-0.235301673412323,w6_N10_M24_pq_b4,4,artifacts\embeddings\full_multivector\queries\q030.npy,artifacts\embeddings\joint_compression\pages_M24_pq_b4\doc005_p004.npy
q030,doc002_p001,-1.2320297956466675,w6_N10_M24_pq_b4,4,artifacts\embeddings\full_multivector\queries\q030.npy,artifacts\embeddings\joint_compression\pages_M24_pq_b4\doc002_p001.npy
q030,doc006_p021,-0.16438958048820496,w6_N10_M24_pq_b4,4,artifacts\embeddings\full_multivector\queries\q030.npy,artifacts\embeddings\joint_compression\pages_M24_pq_b4\doc006_p021.npy
q030,doc006_p025,-0.17244282364845276,w6_N10_M24_pq_b4,4,artifacts\embeddings\full_multivector\queries\q030.npy,artifacts\embeddings\joint_compression\pages_M24_pq_b4\doc006_p025.npy
q030,doc006_p020,-0.1724427044391632,w6_N10_M24_pq_b4,4,artifacts\embeddings\full_multivector\queries\q030.npy,artifacts\embeddings\joint_compression\pages_M24_pq_b4\doc006_p020.npy
q030,doc005_p005,-0.4899413287639618,w6_N10_M24_pq_b4,4,artifacts\embeddings\full_multivector\queries\q030.npy,artifacts\embeddings\joint_compression\pages_M24_pq_b4\doc005_p005.npy
q030,doc004_p006,-0.13921447098255157,w6_N10_M24_pq_b4,4,artifacts\embeddings\full_multivector\queries\q030.npy,artifacts\embeddings\joint_compression\pages_M24_pq_b4\doc004_p006.npy
q030,doc001_p003,-1.1108486652374268,w6_N10_M24_pq_b4,4,artifacts\embeddings\full_multivector\queries\q030.npy,artifacts\embeddings\joint_compression\pages_M24_pq_b4\doc001_p003.npy
q030,doc006_p012,-0.17196246981620789,w6_N10_M24_pq_b4,4,artifacts\embeddings\full_multivector\queries\q030.npy,artifacts\embeddings\joint_compression\pages_M24_pq_b4\doc006_p012.npy
